LocalTime, GPSTime, ESSID, BSSID, Power, Security, Latitude, Longitude, Latitude Error, Longitude Error, Type
2025-08-02 23:24:51,1900-01-00 00:00:00,,F0:2F:A7:C5:DF:0C,-85, ,0.000000,0.000000,0.000,0.000,AP
2025-08-02 23:24:51,1900-01-00 00:00:00,Fire Hotline,F0:2F:A7:C5:DF:0C,-86, WPA2 ,0.000000,0.000000,0.000,0.000,AP
2025-08-02 23:24:51,1900-01-00 00:00:00,Fire Hotline,F0:2F:A7:C5:DF:0C,-85, WPA2 ,0.000000,0.000000,0.000,0.000,AP
2025-08-02 23:24:51,1900-01-00 00:00:00,Fire Hotline,F0:2F:A7:C5:DF:0C,-84, WPA2 ,0.000000,0.000000,0.000,0.000,AP
2025-08-02 23:24:51,1900-01-00 00:00:00,Fire Hotline,F0:2F:A7:C5:DF:0C,-84, WPA2 ,0.000000,0.000000,0.000,0.000,AP
2025-08-02 23:24:51,1900-01-00 00:00:00,Fire Hotline,F0:2F:A7:C5:DF:0C,-85, WPA2 ,0.000000,0.000000,0.000,0.000,AP
2025-08-02 23:24:52,1900-01-00 00:00:00,Fire Hotline,F0:2F:A7:C5:DF:0C,-84, WPA2 ,0.000000,0.000000,0.000,0.000,AP
2025-08-02 23:24:52,1900-01-00 00:00:00,Fire Hotline,F0:2F:A7:C5:DF:0C,-85, WPA2 ,0.000000,0.000000,0.000,0.000,AP
2025-08-02 23:24:52,1900-01-00 00:00:00,Fire Hotline,F0:2F:A7:C5:DF:0C,-85, WPA2 ,0.000000,0.000000,0.000,0.000,AP
2025-08-02 23:24:52,1900-01-00 00:00:00,Fire Hotline,F0:2F:A7:C5:DF:0C,-84, WPA2 ,0.000000,0.000000,0.000,0.000,AP
2025-08-02 23:24:52,1900-01-00 00:00:00,Fire Hotline,F0:2F:A7:C5:DF:0C,-84, WPA2 ,0.000000,0.000000,0.000,0.000,AP
2025-08-02 23:24:52,1900-01-00 00:00:00,Fire Hotline,F0:2F:A7:C5:DF:0C,-87, WPA2 ,0.000000,0.000000,0.000,0.000,AP
2025-08-02 23:24:52,1900-01-00 00:00:00,Fire Hotline,F0:2F:A7:C5:DF:0C,-85, WPA2 ,0.000000,0.000000,0.000,0.000,AP
2025-08-02 23:24:52,1900-01-00 00:00:00,Fire Hotline,F0:2F:A7:C5:DF:0C,-86, WPA2 ,0.000000,0.000000,0.000,0.000,AP
2025-08-02 23:24:52,1900-01-00 00:00:00,Fire Hotline,F0:2F:A7:C5:DF:0C,-86, WPA2 ,0.000000,0.000000,0.000,0.000,AP
2025-08-02 23:24:52,1900-01-00 00:00:00,Fire Hotline,F0:2F:A7:C5:DF:0C,-86, WPA2 ,0.000000,0.000000,0.000,0.000,AP
2025-08-02 23:24:52,1900-01-00 00:00:00,Fire Hotline,F0:2F:A7:C5:DF:0C,-86, WPA2 ,0.000000,0.000000,0.000,0.000,AP
2025-08-02 23:24:52,1900-01-00 00:00:00,Fire Hotline,F0:2F:A7:C5:DF:0C,-84, WPA2 ,0.000000,0.000000,0.000,0.000,AP
2025-08-02 23:24:52,1900-01-00 00:00:00,Fire Hotline,F0:2F:A7:C5:DF:0C,-85, WPA2 ,0.000000,0.000000,0.000,0.000,AP
2025-08-02 23:24:52,1900-01-00 00:00:00,Fire Hotline,F0:2F:A7:C5:DF:0C,-85, WPA2 ,0.000000,0.000000,0.000,0.000,AP
2025-08-02 23:24:52,1900-01-00 00:00:00,Fire Hotline,F0:2F:A7:C5:DF:0C,-86, WPA2 ,0.000000,0.000000,0.000,0.000,AP
2025-08-02 23:24:53,1900-01-00 00:00:00,Fire Hotline,F0:2F:A7:C5:DF:0C,-86, WPA2 ,0.000000,0.000000,0.000,0.000,AP
2025-08-02 23:24:53,1900-01-00 00:00:00,Fire Hotline,F0:2F:A7:C5:DF:0C,-86, WPA2 ,0.000000,0.000000,0.000,0.000,AP
2025-08-02 23:24:53,1900-01-00 00:00:00,Fire Hotline,F0:2F:A7:C5:DF:0C,-86, WPA2 ,0.000000,0.000000,0.000,0.000,AP
2025-08-02 23:24:53,1900-01-00 00:00:00,Fire Hotline,F0:2F:A7:C5:DF:0C,-86, WPA2 ,0.000000,0.000000,0.000,0.000,AP
2025-08-02 23:24:53,1900-01-00 00:00:00,Fire Hotline,F0:2F:A7:C5:DF:0C,-85, WPA2 ,0.000000,0.000000,0.000,0.000,AP
2025-08-02 23:24:53,1900-01-00 00:00:00,Fire Hotline,F0:2F:A7:C5:DF:0C,-85, WPA2 ,0.000000,0.000000,0.000,0.000,AP
2025-08-02 23:24:53,1900-01-00 00:00:00,Fire Hotline,F0:2F:A7:C5:DF:0C,-86, WPA2 ,0.000000,0.000000,0.000,0.000,AP
2025-08-02 23:24:53,1900-01-00 00:00:00,Fire Hotline,F0:2F:A7:C5:DF:0C,-86, WPA2 ,0.000000,0.000000,0.000,0.000,AP
2025-08-02 23:24:54,1900-01-00 00:00:00,Fire Hotline,F0:2F:A7:C5:DF:0C,-87, WPA2 ,0.000000,0.000000,0.000,0.000,AP
2025-08-02 23:24:54,1900-01-00 00:00:00,Fire Hotline,F0:2F:A7:C5:DF:0C,-85, WPA2 ,0.000000,0.000000,0.000,0.000,AP
2025-08-02 23:24:54,1900-01-00 00:00:00,Fire Hotline,F0:2F:A7:C5:DF:0C,-87, WPA2 ,0.000000,0.000000,0.000,0.000,AP
2025-08-02 23:24:54,1900-01-00 00:00:00,Fire Hotline,F0:2F:A7:C5:DF:0C,-85, WPA2 ,0.000000,0.000000,0.000,0.000,AP
2025-08-02 23:24:54,1900-01-00 00:00:00,Fire Hotline,F0:2F:A7:C5:DF:0C,-84, WPA2 ,0.000000,0.000000,0.000,0.000,AP
2025-08-02 23:24:54,1900-01-00 00:00:00,Fire Hotline,F0:2F:A7:C5:DF:0C,-85, WPA2 ,0.000000,0.000000,0.000,0.000,AP
2025-08-02 23:24:54,1900-01-00 00:00:00,Fire Hotline,F0:2F:A7:C5:DF:0C,-86, WPA2 ,0.000000,0.000000,0.000,0.000,AP
2025-08-02 23:24:54,1900-01-00 00:00:00,Fire Hotline,F0:2F:A7:C5:DF:0C,-87, WPA2 ,0.000000,0.000000,0.000,0.000,AP
2025-08-02 23:24:54,1900-01-00 00:00:00,Fire Hotline,F0:2F:A7:C5:DF:0C,-87, WPA2 ,0.000000,0.000000,0.000,0.000,AP
2025-08-02 23:24:54,1900-01-00 00:00:00,Fire Hotline,F0:2F:A7:C5:DF:0C,-87, WPA2 ,0.000000,0.000000,0.000,0.000,AP
2025-08-02 23:24:55,1900-01-00 00:00:00,Fire Hotline,F0:2F:A7:C5:DF:0C,-87, WPA2 ,0.000000,0.000000,0.000,0.000,AP
2025-08-02 23:24:55,1900-01-00 00:00:00,Fire Hotline,F0:2F:A7:C5:DF:0C,-86, WPA2 ,0.000000,0.000000,0.000,0.000,AP
2025-08-02 23:24:55,1900-01-00 00:00:00,Fire Hotline,F0:2F:A7:C5:DF:0C,-85, WPA2 ,0.000000,0.000000,0.000,0.000,AP
2025-08-02 23:24:55,1900-01-00 00:00:00,Fire Hotline,F0:2F:A7:C5:DF:0C,-87, WPA2 ,0.000000,0.000000,0.000,0.000,AP
2025-08-02 23:24:55,1900-01-00 00:00:00,Fire Hotline,F0:2F:A7:C5:DF:0C,-86, WPA2 ,0.000000,0.000000,0.000,0.000,AP
2025-08-02 23:24:55,1900-01-00 00:00:00,Fire Hotline,F0:2F:A7:C5:DF:0C,-86, WPA2 ,0.000000,0.000000,0.000,0.000,AP
2025-08-02 23:24:55,1900-01-00 00:00:00,Fire Hotline,F0:2F:A7:C5:DF:0C,-85, WPA2 ,0.000000,0.000000,0.000,0.000,AP
2025-08-02 23:24:55,1900-01-00 00:00:00,Fire Hotline,F0:2F:A7:C5:DF:0C,-86, WPA2 ,0.000000,0.000000,0.000,0.000,AP
2025-08-02 23:24:55,1900-01-00 00:00:00,Fire Hotline,F0:2F:A7:C5:DF:0C,-85, WPA2 ,0.000000,0.000000,0.000,0.000,AP
2025-08-02 23:24:55,1900-01-00 00:00:00,Fire Hotline,F0:2F:A7:C5:DF:0C,-85, WPA2 ,0.000000,0.000000,0.000,0.000,AP
2025-08-02 23:24:56,1900-01-00 00:00:00,Fire Hotline,F0:2F:A7:C5:DF:0C,-85, WPA2 ,0.000000,0.000000,0.000,0.000,AP
2025-08-02 23:24:56,1900-01-00 00:00:00,Fire Hotline,F0:2F:A7:C5:DF:0C,-86, WPA2 ,0.000000,0.000000,0.000,0.000,AP
2025-08-02 23:24:56,1900-01-00 00:00:00,Fire Hotline,F0:2F:A7:C5:DF:0C,-86, WPA2 ,0.000000,0.000000,0.000,0.000,AP
2025-08-02 23:24:56,1900-01-00 00:00:00,Fire Hotline,F0:2F:A7:C5:DF:0C,-85, WPA2 ,0.000000,0.000000,0.000,0.000,AP
2025-08-02 23:24:56,1900-01-00 00:00:00,Fire Hotline,F0:2F:A7:C5:DF:0C,-85, WPA2 ,0.000000,0.000000,0.000,0.000,AP
2025-08-02 23:24:56,1900-01-00 00:00:00,Fire Hotline,F0:2F:A7:C5:DF:0C,-85, WPA2 ,0.000000,0.000000,0.000,0.000,AP
2025-08-02 23:24:56,1900-01-00 00:00:00,Fire Hotline,F0:2F:A7:C5:DF:0C,-85, WPA2 ,0.000000,0.000000,0.000,0.000,AP
2025-08-02 23:24:56,1900-01-00 00:00:00,Fire Hotline,F0:2F:A7:C5:DF:0C,-84, WPA2 ,0.000000,0.000000,0.000,0.000,AP
2025-08-02 23:24:56,1900-01-00 00:00:00,Fire Hotline,F0:2F:A7:C5:DF:0C,-86, WPA2 ,0.000000,0.000000,0.000,0.000,AP
2025-08-02 23:24:57,1900-01-00 00:00:00,Fire Hotline,F0:2F:A7:C5:DF:0C,-85, WPA2 ,0.000000,0.000000,0.000,0.000,AP
2025-08-02 23:24:57,1900-01-00 00:00:00,Fire Hotline,F0:2F:A7:C5:DF:0C,-85, WPA2 ,0.000000,0.000000,0.000,0.000,AP
2025-08-02 23:24:57,1900-01-00 00:00:00,Fire Hotline,F0:2F:A7:C5:DF:0C,-86, WPA2 ,0.000000,0.000000,0.000,0.000,AP
2025-08-02 23:24:57,1900-01-00 00:00:00,Fire Hotline,F0:2F:A7:C5:DF:0C,-87, WPA2 ,0.000000,0.000000,0.000,0.000,AP
2025-08-02 23:24:57,1900-01-00 00:00:00,Fire Hotline,F0:2F:A7:C5:DF:0C,-83, WPA2 ,0.000000,0.000000,0.000,0.000,AP
2025-08-02 23:24:57,1900-01-00 00:00:00,Fire Hotline,F0:2F:A7:C5:DF:0C,-86, WPA2 ,0.000000,0.000000,0.000,0.000,AP
2025-08-02 23:24:57,1900-01-00 00:00:00,Fire Hotline,F0:2F:A7:C5:DF:0C,-86, WPA2 ,0.000000,0.000000,0.000,0.000,AP
2025-08-02 23:24:57,1900-01-00 00:00:00,Fire Hotline,F0:2F:A7:C5:DF:0C,-87, WPA2 ,0.000000,0.000000,0.000,0.000,AP
2025-08-02 23:24:57,1900-01-00 00:00:00,Fire Hotline,F0:2F:A7:C5:DF:0C,-91, WPA2 ,0.000000,0.000000,0.000,0.000,AP
2025-08-02 23:24:57,1900-01-00 00:00:00,Fire Hotline,F0:2F:A7:C5:DF:0C,-87, WPA2 ,0.000000,0.000000,0.000,0.000,AP
2025-08-02 23:24:57,1900-01-00 00:00:00,Fire Hotline,F0:2F:A7:C5:DF:0C,-87, WPA2 ,0.000000,0.000000,0.000,0.000,AP
2025-08-02 23:24:57,1900-01-00 00:00:00,Fire Hotline,F0:2F:A7:C5:DF:0C,-86, WPA2 ,0.000000,0.000000,0.000,0.000,AP
2025-08-02 23:24:57,1900-01-00 00:00:00,Fire Hotline,F0:2F:A7:C5:DF:0C,-85, WPA2 ,0.000000,0.000000,0.000,0.000,AP
2025-08-02 23:24:57,1900-01-00 00:00:00,Fire Hotline,F0:2F:A7:C5:DF:0C,-85, WPA2 ,0.000000,0.000000,0.000,0.000,AP
2025-08-02 23:24:58,1900-01-00 00:00:00,Fire Hotline,F0:2F:A7:C5:DF:0C,-86, WPA2 ,0.000000,0.000000,0.000,0.000,AP
2025-08-02 23:24:58,1900-01-00 00:00:00,Fire Hotline,F0:2F:A7:C5:DF:0C,-86, WPA2 ,0.000000,0.000000,0.000,0.000,AP
2025-08-02 23:24:58,1900-01-00 00:00:00,Fire Hotline,F0:2F:A7:C5:DF:0C,-86, WPA2 ,0.000000,0.000000,0.000,0.000,AP
2025-08-02 23:24:58,1900-01-00 00:00:00,Fire Hotline,F0:2F:A7:C5:DF:0C,-85, WPA2 ,0.000000,0.000000,0.000,0.000,AP
2025-08-02 23:24:58,1900-01-00 00:00:00,Fire Hotline,F0:2F:A7:C5:DF:0C,-86, WPA2 ,0.000000,0.000000,0.000,0.000,AP
2025-08-02 23:24:58,1900-01-00 00:00:00,Fire Hotline,F0:2F:A7:C5:DF:0C,-85, WPA2 ,0.000000,0.000000,0.000,0.000,AP
2025-08-02 23:24:58,1900-01-00 00:00:00,Fire Hotline,F0:2F:A7:C5:DF:0C,-86, WPA2 ,0.000000,0.000000,0.000,0.000,AP
2025-08-02 23:24:58,1900-01-00 00:00:00,Fire Hotline,F0:2F:A7:C5:DF:0C,-86, WPA2 ,0.000000,0.000000,0.000,0.000,AP
2025-08-02 23:24:59,1900-01-00 00:00:00,Fire Hotline,F0:2F:A7:C5:DF:0C,-86, WPA2 ,0.000000,0.000000,0.000,0.000,AP
2025-08-02 23:24:59,1900-01-00 00:00:00,Fire Hotline,F0:2F:A7:C5:DF:0C,-85, WPA2 ,0.000000,0.000000,0.000,0.000,AP
2025-08-02 23:24:59,1900-01-00 00:00:00,Fire Hotline,F0:2F:A7:C5:DF:0C,-86, WPA2 ,0.000000,0.000000,0.000,0.000,AP
2025-08-02 23:24:59,1900-01-00 00:00:00,Fire Hotline,F0:2F:A7:C5:DF:0C,-85, WPA2 ,0.000000,0.000000,0.000,0.000,AP
2025-08-02 23:24:59,1900-01-00 00:00:00,Fire Hotline,F0:2F:A7:C5:DF:0C,-86, WPA2 ,0.000000,0.000000,0.000,0.000,AP
2025-08-02 23:24:59,1900-01-00 00:00:00,Fire Hotline,F0:2F:A7:C5:DF:0C,-85, WPA2 ,0.000000,0.000000,0.000,0.000,AP
2025-08-02 23:24:59,1900-01-00 00:00:00,Fire Hotline,F0:2F:A7:C5:DF:0C,-86, WPA2 ,0.000000,0.000000,0.000,0.000,AP
2025-08-02 23:24:59,1900-01-00 00:00:00,Fire Hotline,F0:2F:A7:C5:DF:0C,-86, WPA2 ,0.000000,0.000000,0.000,0.000,AP
2025-08-02 23:24:59,1900-01-00 00:00:00,Fire Hotline,F0:2F:A7:C5:DF:0C,-85, WPA2 ,0.000000,0.000000,0.000,0.000,AP
2025-08-02 23:24:59,1900-01-00 00:00:00,Fire Hotline,F0:2F:A7:C5:DF:0C,-86, WPA2 ,0.000000,0.000000,0.000,0.000,AP
2025-08-02 23:24:59,1900-01-00 00:00:00,Fire Hotline,F0:2F:A7:C5:DF:0C,-85, WPA2 ,0.000000,0.000000,0.000,0.000,AP
2025-08-02 23:25:00,1900-01-00 00:00:00,Fire Hotline,F0:2F:A7:C5:DF:0C,-85, WPA2 ,0.000000,0.000000,0.000,0.000,AP
2025-08-02 23:25:00,1900-01-00 00:00:00,Fire Hotline,F0:2F:A7:C5:DF:0C,-85, WPA2 ,0.000000,0.000000,0.000,0.000,AP
2025-08-02 23:25:00,1900-01-00 00:00:00,Fire Hotline,F0:2F:A7:C5:DF:0C,-86, WPA2 ,0.000000,0.000000,0.000,0.000,AP
2025-08-02 23:25:00,1900-01-00 00:00:00,Fire Hotline,F0:2F:A7:C5:DF:0C,-85, WPA2 ,0.000000,0.000000,0.000,0.000,AP
2025-08-02 23:25:00,1900-01-00 00:00:00,Fire Hotline,F0:2F:A7:C5:DF:0C,-86, WPA2 ,0.000000,0.000000,0.000,0.000,AP
2025-08-02 23:25:00,1900-01-00 00:00:00,Fire Hotline,F0:2F:A7:C5:DF:0C,-85, WPA2 ,0.000000,0.000000,0.000,0.000,AP
2025-08-02 23:25:00,1900-01-00 00:00:00,Fire Hotline,F0:2F:A7:C5:DF:0C,-87, WPA2 ,0.000000,0.000000,0.000,0.000,AP
2025-08-02 23:25:00,1900-01-00 00:00:00,Fire Hotline,F0:2F:A7:C5:DF:0C,-86, WPA2 ,0.000000,0.000000,0.000,0.000,AP
2025-08-02 23:25:00,1900-01-00 00:00:00,Fire Hotline,F0:2F:A7:C5:DF:0C,-87, WPA2 ,0.000000,0.000000,0.000,0.000,AP
2025-08-02 23:25:00,1900-01-00 00:00:00,Fire Hotline,F0:2F:A7:C5:DF:0C,-86, WPA2 ,0.000000,0.000000,0.000,0.000,AP
2025-08-02 23:25:01,1900-01-00 00:00:00,Fire Hotline,F0:2F:A7:C5:DF:0C,-85, WPA2 ,0.000000,0.000000,0.000,0.000,AP
2025-08-02 23:25:01,1900-01-00 00:00:00,Fire Hotline,F0:2F:A7:C5:DF:0C,-86, WPA2 ,0.000000,0.000000,0.000,0.000,AP
2025-08-02 23:25:01,1900-01-00 00:00:00,Fire Hotline,F0:2F:A7:C5:DF:0C,-86, WPA2 ,0.000000,0.000000,0.000,0.000,AP
2025-08-02 23:25:01,1900-01-00 00:00:00,Fire Hotline,F0:2F:A7:C5:DF:0C,-86, WPA2 ,0.000000,0.000000,0.000,0.000,AP
2025-08-02 23:25:01,1900-01-00 00:00:00,Fire Hotline,F0:2F:A7:C5:DF:0C,-86, WPA2 ,0.000000,0.000000,0.000,0.000,AP
2025-08-02 23:25:01,1900-01-00 00:00:00,Fire Hotline,F0:2F:A7:C5:DF:0C,-86, WPA2 ,0.000000,0.000000,0.000,0.000,AP
2025-08-02 23:25:01,1900-01-00 00:00:00,Fire Hotline,F0:2F:A7:C5:DF:0C,-86, WPA2 ,0.000000,0.000000,0.000,0.000,AP
2025-08-02 23:25:01,1900-01-00 00:00:00,Fire Hotline,F0:2F:A7:C5:DF:0C,-87, WPA2 ,0.000000,0.000000,0.000,0.000,AP
2025-08-02 23:25:01,1900-01-00 00:00:00,Fire Hotline,F0:2F:A7:C5:DF:0C,-85, WPA2 ,0.000000,0.000000,0.000,0.000,AP
2025-08-02 23:25:01,1900-01-00 00:00:00,Fire Hotline,F0:2F:A7:C5:DF:0C,-86, WPA2 ,0.000000,0.000000,0.000,0.000,AP
2025-08-02 23:25:02,1900-01-00 00:00:00,Fire Hotline,F0:2F:A7:C5:DF:0C,-86, WPA2 ,0.000000,0.000000,0.000,0.000,AP
2025-08-02 23:25:02,1900-01-00 00:00:00,Fire Hotline,F0:2F:A7:C5:DF:0C,-86, WPA2 ,0.000000,0.000000,0.000,0.000,AP
2025-08-02 23:25:02,1900-01-00 00:00:00,Fire Hotline,F0:2F:A7:C5:DF:0C,-85, WPA2 ,0.000000,0.000000,0.000,0.000,AP
2025-08-02 23:25:02,1900-01-00 00:00:00,Fire Hotline,F0:2F:A7:C5:DF:0C,-86, WPA2 ,0.000000,0.000000,0.000,0.000,AP
2025-08-02 23:25:02,1900-01-00 00:00:00,Fire Hotline,F0:2F:A7:C5:DF:0C,-85, WPA2 ,0.000000,0.000000,0.000,0.000,AP
2025-08-02 23:25:02,1900-01-00 00:00:00,Fire Hotline,F0:2F:A7:C5:DF:0C,-87, WPA2 ,0.000000,0.000000,0.000,0.000,AP
2025-08-02 23:25:02,1900-01-00 00:00:00,Fire Hotline,F0:2F:A7:C5:DF:0C,-84, WPA2 ,0.000000,0.000000,0.000,0.000,AP
2025-08-02 23:25:02,1900-01-00 00:00:00,Fire Hotline,F0:2F:A7:C5:DF:0C,-86, WPA2 ,0.000000,0.000000,0.000,0.000,AP
2025-08-02 23:25:02,1900-01-00 00:00:00,Fire Hotline,F0:2F:A7:C5:DF:0C,-86, WPA2 ,0.000000,0.000000,0.000,0.000,AP
2025-08-02 23:25:02,1900-01-00 00:00:00,Fire Hotline,F0:2F:A7:C5:DF:0C,-85, WPA2 ,0.000000,0.000000,0.000,0.000,AP
2025-08-02 23:25:02,1900-01-00 00:00:00,Fire Hotline,F0:2F:A7:C5:DF:0C,-85, WPA2 ,0.000000,0.000000,0.000,0.000,AP
2025-08-02 23:25:02,1900-01-00 00:00:00,Fire Hotline,F0:2F:A7:C5:DF:0C,-86, WPA2 ,0.000000,0.000000,0.000,0.000,AP
2025-08-02 23:25:02,1900-01-00 00:00:00,Fire Hotline,F0:2F:A7:C5:DF:0C,-85, WPA2 ,0.000000,0.000000,0.000,0.000,AP
2025-08-02 23:25:02,1900-01-00 00:00:00,Fire Hotline,F0:2F:A7:C5:DF:0C,-86, WPA2 ,0.000000,0.000000,0.000,0.000,AP
2025-08-02 23:25:02,1900-01-00 00:00:00,Fire Hotline,F0:2F:A7:C5:DF:0C,-86, WPA2 ,0.000000,0.000000,0.000,0.000,AP
2025-08-02 23:25:03,1900-01-00 00:00:00,Fire Hotline,F0:2F:A7:C5:DF:0C,-86, WPA2 ,0.000000,0.000000,0.000,0.000,AP
2025-08-02 23:25:03,1900-01-00 00:00:00,Fire Hotline,F0:2F:A7:C5:DF:0C,-85, WPA2 ,0.000000,0.000000,0.000,0.000,AP
2025-08-02 23:25:03,1900-01-00 00:00:00,Fire Hotline,F0:2F:A7:C5:DF:0C,-86, WPA2 ,0.000000,0.000000,0.000,0.000,AP
2025-08-02 23:25:03,1900-01-00 00:00:00,Fire Hotline,F0:2F:A7:C5:DF:0C,-86, WPA2 ,0.000000,0.000000,0.000,0.000,AP
2025-08-02 23:25:03,1900-01-00 00:00:00,Fire Hotline,F0:2F:A7:C5:DF:0C,-87, WPA2 ,0.000000,0.000000,0.000,0.000,AP
2025-08-02 23:25:03,1900-01-00 00:00:00,Fire Hotline,F0:2F:A7:C5:DF:0C,-86, WPA2 ,0.000000,0.000000,0.000,0.000,AP
2025-08-02 23:25:03,1900-01-00 00:00:00,Fire Hotline,F0:2F:A7:C5:DF:0C,-86, WPA2 ,0.000000,0.000000,0.000,0.000,AP
2025-08-02 23:25:03,1900-01-00 00:00:00,Fire Hotline,F0:2F:A7:C5:DF:0C,-86, WPA2 ,0.000000,0.000000,0.000,0.000,AP
2025-08-02 23:25:03,1900-01-00 00:00:00,Fire Hotline,F0:2F:A7:C5:DF:0C,-86, WPA2 ,0.000000,0.000000,0.000,0.000,AP
2025-08-02 23:25:03,1900-01-00 00:00:00,Fire Hotline,F0:2F:A7:C5:DF:0C,-86, WPA2 ,0.000000,0.000000,0.000,0.000,AP
2025-08-02 23:25:04,1900-01-00 00:00:00,Fire Hotline,F0:2F:A7:C5:DF:0C,-86, WPA2 ,0.000000,0.000000,0.000,0.000,AP
2025-08-02 23:25:04,1900-01-00 00:00:00,Fire Hotline,F0:2F:A7:C5:DF:0C,-85, WPA2 ,0.000000,0.000000,0.000,0.000,AP
2025-08-02 23:25:04,1900-01-00 00:00:00,Fire Hotline,F0:2F:A7:C5:DF:0C,-86, WPA2 ,0.000000,0.000000,0.000,0.000,AP
2025-08-02 23:25:04,1900-01-00 00:00:00,Fire Hotline,F0:2F:A7:C5:DF:0C,-85, WPA2 ,0.000000,0.000000,0.000,0.000,AP
2025-08-02 23:25:04,1900-01-00 00:00:00,Fire Hotline,F0:2F:A7:C5:DF:0C,-84, WPA2 ,0.000000,0.000000,0.000,0.000,AP
2025-08-02 23:25:04,1900-01-00 00:00:00,Fire Hotline,F0:2F:A7:C5:DF:0C,-86, WPA2 ,0.000000,0.000000,0.000,0.000,AP
2025-08-02 23:25:04,1900-01-00 00:00:00,Fire Hotline,F0:2F:A7:C5:DF:0C,-87, WPA2 ,0.000000,0.000000,0.000,0.000,AP
2025-08-02 23:25:04,1900-01-00 00:00:00,Fire Hotline,F0:2F:A7:C5:DF:0C,-85, WPA2 ,0.000000,0.000000,0.000,0.000,AP
2025-08-02 23:25:04,1900-01-00 00:00:00,Fire Hotline,F0:2F:A7:C5:DF:0C,-86, WPA2 ,0.000000,0.000000,0.000,0.000,AP
2025-08-02 23:25:04,1900-01-00 00:00:00,Fire Hotline,F0:2F:A7:C5:DF:0C,-85, WPA2 ,0.000000,0.000000,0.000,0.000,AP
2025-08-02 23:25:04,1900-01-00 00:00:00,Fire Hotline,F0:2F:A7:C5:DF:0C,-87, WPA2 ,0.000000,0.000000,0.000,0.000,AP
2025-08-02 23:25:04,1900-01-00 00:00:00,Fire Hotline,F0:2F:A7:C5:DF:0C,-86, WPA2 ,0.000000,0.000000,0.000,0.000,AP
2025-08-02 23:25:04,1900-01-00 00:00:00,Fire Hotline,F0:2F:A7:C5:DF:0C,-86, WPA2 ,0.000000,0.000000,0.000,0.000,AP
2025-08-02 23:25:04,1900-01-00 00:00:00,Fire Hotline,F0:2F:A7:C5:DF:0C,-86, WPA2 ,0.000000,0.000000,0.000,0.000,AP
2025-08-02 23:25:04,1900-01-00 00:00:00,Fire Hotline,F0:2F:A7:C5:DF:0C,-84, WPA2 ,0.000000,0.000000,0.000,0.000,AP
2025-08-02 23:25:04,1900-01-00 00:00:00,Fire Hotline,F0:2F:A7:C5:DF:0C,-85, WPA2 ,0.000000,0.000000,0.000,0.000,AP
2025-08-02 23:25:04,1900-01-00 00:00:00,Fire Hotline,F0:2F:A7:C5:DF:0C,-86, WPA2 ,0.000000,0.000000,0.000,0.000,AP
2025-08-02 23:25:04,1900-01-00 00:00:00,Fire Hotline,F0:2F:A7:C5:DF:0C,-85, WPA2 ,0.000000,0.000000,0.000,0.000,AP
2025-08-02 23:25:04,1900-01-00 00:00:00,Fire Hotline,F0:2F:A7:C5:DF:0C,-86, WPA2 ,0.000000,0.000000,0.000,0.000,AP
2025-08-02 23:25:04,1900-01-00 00:00:00,Fire Hotline,F0:2F:A7:C5:DF:0C,-86, WPA2 ,0.000000,0.000000,0.000,0.000,AP
2025-08-02 23:25:05,1900-01-00 00:00:00,Fire Hotline,F0:2F:A7:C5:DF:0C,-86, WPA2 ,0.000000,0.000000,0.000,0.000,AP
2025-08-02 23:25:05,1900-01-00 00:00:00,Fire Hotline,F0:2F:A7:C5:DF:0C,-85, WPA2 ,0.000000,0.000000,0.000,0.000,AP
2025-08-02 23:25:05,1900-01-00 00:00:00,Fire Hotline,F0:2F:A7:C5:DF:0C,-86, WPA2 ,0.000000,0.000000,0.000,0.000,AP
2025-08-02 23:25:05,1900-01-00 00:00:00,Fire Hotline,F0:2F:A7:C5:DF:0C,-85, WPA2 ,0.000000,0.000000,0.000,0.000,AP
2025-08-02 23:25:05,1900-01-00 00:00:00,Fire Hotline,F0:2F:A7:C5:DF:0C,-86, WPA2 ,0.000000,0.000000,0.000,0.000,AP
2025-08-02 23:25:05,1900-01-00 00:00:00,Fire Hotline,F0:2F:A7:C5:DF:0C,-86, WPA2 ,0.000000,0.000000,0.000,0.000,AP
2025-08-02 23:25:05,1900-01-00 00:00:00,Fire Hotline,F0:2F:A7:C5:DF:0C,-86, WPA2 ,0.000000,0.000000,0.000,0.000,AP
2025-08-02 23:25:05,1900-01-00 00:00:00,Fire Hotline,F0:2F:A7:C5:DF:0C,-85, WPA2 ,0.000000,0.000000,0.000,0.000,AP
2025-08-02 23:25:05,1900-01-00 00:00:00,Fire Hotline,F0:2F:A7:C5:DF:0C,-86, WPA2 ,0.000000,0.000000,0.000,0.000,AP
2025-08-02 23:25:05,1900-01-00 00:00:00,Fire Hotline,F0:2F:A7:C5:DF:0C,-85, WPA2 ,0.000000,0.000000,0.000,0.000,AP
2025-08-02 23:25:06,1900-01-00 00:00:00,Fire Hotline,F0:2F:A7:C5:DF:0C,-84, WPA2 ,0.000000,0.000000,0.000,0.000,AP
2025-08-02 23:25:06,1900-01-00 00:00:00,Fire Hotline,F0:2F:A7:C5:DF:0C,-84, WPA2 ,0.000000,0.000000,0.000,0.000,AP
2025-08-02 23:25:06,1900-01-00 00:00:00,Fire Hotline,F0:2F:A7:C5:DF:0C,-86, WPA2 ,0.000000,0.000000,0.000,0.000,AP
2025-08-02 23:25:06,1900-01-00 00:00:00,Fire Hotline,F0:2F:A7:C5:DF:0C,-86, WPA2 ,0.000000,0.000000,0.000,0.000,AP
2025-08-02 23:25:06,1900-01-00 00:00:00,Fire Hotline,F0:2F:A7:C5:DF:0C,-86, WPA2 ,0.000000,0.000000,0.000,0.000,AP
2025-08-02 23:25:06,1900-01-00 00:00:00,Fire Hotline,F0:2F:A7:C5:DF:0C,-85, WPA2 ,0.000000,0.000000,0.000,0.000,AP
2025-08-02 23:25:06,1900-01-00 00:00:00,Fire Hotline,F0:2F:A7:C5:DF:0C,-84, WPA2 ,0.000000,0.000000,0.000,0.000,AP
2025-08-02 23:25:06,1900-01-00 00:00:00,Fire Hotline,F0:2F:A7:C5:DF:0C,-86, WPA2 ,0.000000,0.000000,0.000,0.000,AP
2025-08-02 23:25:06,1900-01-00 00:00:00,Fire Hotline,F0:2F:A7:C5:DF:0C,-86, WPA2 ,0.000000,0.000000,0.000,0.000,AP
2025-08-02 23:25:07,1900-01-00 00:00:00,Fire Hotline,F0:2F:A7:C5:DF:0C,-86, WPA2 ,0.000000,0.000000,0.000,0.000,AP
2025-08-02 23:25:07,1900-01-00 00:00:00,Fire Hotline,F0:2F:A7:C5:DF:0C,-86, WPA2 ,0.000000,0.000000,0.000,0.000,AP
2025-08-02 23:25:07,1900-01-00 00:00:00,Fire Hotline,F0:2F:A7:C5:DF:0C,-87, WPA2 ,0.000000,0.000000,0.000,0.000,AP
2025-08-02 23:25:07,1900-01-00 00:00:00,Fire Hotline,F0:2F:A7:C5:DF:0C,-87, WPA2 ,0.000000,0.000000,0.000,0.000,AP
2025-08-02 23:25:07,1900-01-00 00:00:00,Fire Hotline,F0:2F:A7:C5:DF:0C,-85, WPA2 ,0.000000,0.000000,0.000,0.000,AP
2025-08-02 23:25:07,1900-01-00 00:00:00,Fire Hotline,F0:2F:A7:C5:DF:0C,-85, WPA2 ,0.000000,0.000000,0.000,0.000,AP
2025-08-02 23:25:07,1900-01-00 00:00:00,Fire Hotline,F0:2F:A7:C5:DF:0C,-86, WPA2 ,0.000000,0.000000,0.000,0.000,AP
2025-08-02 23:25:07,1900-01-00 00:00:00,Fire Hotline,F0:2F:A7:C5:DF:0C,-86, WPA2 ,0.000000,0.000000,0.000,0.000,AP
2025-08-02 23:25:07,1900-01-00 00:00:00,Fire Hotline,F0:2F:A7:C5:DF:0C,-85, WPA2 ,0.000000,0.000000,0.000,0.000,AP
2025-08-02 23:25:07,1900-01-00 00:00:00,Fire Hotline,F0:2F:A7:C5:DF:0C,-86, WPA2 ,0.000000,0.000000,0.000,0.000,AP
2025-08-02 23:25:07,1900-01-00 00:00:00,Fire Hotline,F0:2F:A7:C5:DF:0C,-86, WPA2 ,0.000000,0.000000,0.000,0.000,AP
2025-08-02 23:25:08,1900-01-00 00:00:00,Fire Hotline,F0:2F:A7:C5:DF:0C,-86, WPA2 ,0.000000,0.000000,0.000,0.000,AP
2025-08-02 23:25:08,1900-01-00 00:00:00,Fire Hotline,F0:2F:A7:C5:DF:0C,-85, WPA2 ,0.000000,0.000000,0.000,0.000,AP
2025-08-02 23:25:08,1900-01-00 00:00:00,Fire Hotline,F0:2F:A7:C5:DF:0C,-85, WPA2 ,0.000000,0.000000,0.000,0.000,AP
2025-08-02 23:25:08,1900-01-00 00:00:00,Fire Hotline,F0:2F:A7:C5:DF:0C,-85, WPA2 ,0.000000,0.000000,0.000,0.000,AP
2025-08-02 23:25:08,1900-01-00 00:00:00,Fire Hotline,F0:2F:A7:C5:DF:0C,-85, WPA2 ,0.000000,0.000000,0.000,0.000,AP
2025-08-02 23:25:08,1900-01-00 00:00:00,Fire Hotline,F0:2F:A7:C5:DF:0C,-86, WPA2 ,0.000000,0.000000,0.000,0.000,AP
2025-08-02 23:25:08,1900-01-00 00:00:00,Fire Hotline,F0:2F:A7:C5:DF:0C,-85, WPA2 ,0.000000,0.000000,0.000,0.000,AP
2025-08-02 23:25:08,1900-01-00 00:00:00,Fire Hotline,F0:2F:A7:C5:DF:0C,-86, WPA2 ,0.000000,0.000000,0.000,0.000,AP
2025-08-02 23:25:08,1900-01-00 00:00:00,Fire Hotline,F0:2F:A7:C5:DF:0C,-85, WPA2 ,0.000000,0.000000,0.000,0.000,AP
2025-08-02 23:25:08,1900-01-00 00:00:00,Fire Hotline,F0:2F:A7:C5:DF:0C,-86, WPA2 ,0.000000,0.000000,0.000,0.000,AP
2025-08-02 23:25:09,1900-01-00 00:00:00,Fire Hotline,F0:2F:A7:C5:DF:0C,-84, WPA2 ,0.000000,0.000000,0.000,0.000,AP
2025-08-02 23:25:09,1900-01-00 00:00:00,Fire Hotline,F0:2F:A7:C5:DF:0C,-85, WPA2 ,0.000000,0.000000,0.000,0.000,AP
2025-08-02 23:25:09,1900-01-00 00:00:00,Fire Hotline,F0:2F:A7:C5:DF:0C,-86, WPA2 ,0.000000,0.000000,0.000,0.000,AP
2025-08-02 23:25:09,1900-01-00 00:00:00,Fire Hotline,F0:2F:A7:C5:DF:0C,-85, WPA2 ,0.000000,0.000000,0.000,0.000,AP
2025-08-02 23:25:09,1900-01-00 00:00:00,Fire Hotline,F0:2F:A7:C5:DF:0C,-84, WPA2 ,0.000000,0.000000,0.000,0.000,AP
2025-08-02 23:25:09,1900-01-00 00:00:00,Fire Hotline,F0:2F:A7:C5:DF:0C,-85, WPA2 ,0.000000,0.000000,0.000,0.000,AP
2025-08-02 23:25:09,1900-01-00 00:00:00,Fire Hotline,F0:2F:A7:C5:DF:0C,-86, WPA2 ,0.000000,0.000000,0.000,0.000,AP
2025-08-02 23:25:09,1900-01-00 00:00:00,Fire Hotline,F0:2F:A7:C5:DF:0C,-86, WPA2 ,0.000000,0.000000,0.000,0.000,AP
2025-08-02 23:25:09,1900-01-00 00:00:00,Fire Hotline,F0:2F:A7:C5:DF:0C,-85, WPA2 ,0.000000,0.000000,0.000,0.000,AP
2025-08-02 23:25:09,1900-01-00 00:00:00,Fire Hotline,F0:2F:A7:C5:DF:0C,-86, WPA2 ,0.000000,0.000000,0.000,0.000,AP
2025-08-02 23:25:09,1900-01-00 00:00:00,Fire Hotline,F0:2F:A7:C5:DF:0C,-85, WPA2 ,0.000000,0.000000,0.000,0.000,AP
2025-08-02 23:25:09,1900-01-00 00:00:00,Fire Hotline,F0:2F:A7:C5:DF:0C,-86, WPA2 ,0.000000,0.000000,0.000,0.000,AP
2025-08-02 23:25:09,1900-01-00 00:00:00,Fire Hotline,F0:2F:A7:C5:DF:0C,-85, WPA2 ,0.000000,0.000000,0.000,0.000,AP
2025-08-02 23:25:10,1900-01-00 00:00:00,Fire Hotline,F0:2F:A7:C5:DF:0C,-85, WPA2 ,0.000000,0.000000,0.000,0.000,AP
2025-08-02 23:25:10,1900-01-00 00:00:00,Fire Hotline,F0:2F:A7:C5:DF:0C,-85, WPA2 ,0.000000,0.000000,0.000,0.000,AP
2025-08-02 23:25:10,1900-01-00 00:00:00,Fire Hotline,F0:2F:A7:C5:DF:0C,-85, WPA2 ,0.000000,0.000000,0.000,0.000,AP
2025-08-02 23:25:10,1900-01-00 00:00:00,Fire Hotline,F0:2F:A7:C5:DF:0C,-85, WPA2 ,0.000000,0.000000,0.000,0.000,AP
2025-08-02 23:25:10,1900-01-00 00:00:00,Fire Hotline,F0:2F:A7:C5:DF:0C,-84, WPA2 ,0.000000,0.000000,0.000,0.000,AP
2025-08-02 23:25:10,1900-01-00 00:00:00,Fire Hotline,F0:2F:A7:C5:DF:0C,-86, WPA2 ,0.000000,0.000000,0.000,0.000,AP
2025-08-02 23:25:10,1900-01-00 00:00:00,Fire Hotline,F0:2F:A7:C5:DF:0C,-86, WPA2 ,0.000000,0.000000,0.000,0.000,AP
2025-08-02 23:25:10,1900-01-00 00:00:00,Fire Hotline,F0:2F:A7:C5:DF:0C,-85, WPA2 ,0.000000,0.000000,0.000,0.000,AP
2025-08-02 23:25:10,1900-01-00 00:00:00,Fire Hotline,F0:2F:A7:C5:DF:0C,-86, WPA2 ,0.000000,0.000000,0.000,0.000,AP
2025-08-02 23:25:10,1900-01-00 00:00:00,Fire Hotline,F0:2F:A7:C5:DF:0C,-86, WPA2 ,0.000000,0.000000,0.000,0.000,AP
2025-08-02 23:25:10,1900-01-00 00:00:00,Fire Hotline,F0:2F:A7:C5:DF:0C,-85, WPA2 ,0.000000,0.000000,0.000,0.000,AP
2025-08-02 23:25:10,1900-01-00 00:00:00,Fire Hotline,F0:2F:A7:C5:DF:0C,-86, WPA2 ,0.000000,0.000000,0.000,0.000,AP
2025-08-02 23:25:11,1900-01-00 00:00:00,Fire Hotline,F0:2F:A7:C5:DF:0C,-85, WPA2 ,0.000000,0.000000,0.000,0.000,AP
2025-08-02 23:25:11,1900-01-00 00:00:00,Fire Hotline,F0:2F:A7:C5:DF:0C,-85, WPA2 ,0.000000,0.000000,0.000,0.000,AP
2025-08-02 23:25:11,1900-01-00 00:00:00,Fire Hotline,F0:2F:A7:C5:DF:0C,-86, WPA2 ,0.000000,0.000000,0.000,0.000,AP
2025-08-02 23:25:11,1900-01-00 00:00:00,Fire Hotline,F0:2F:A7:C5:DF:0C,-85, WPA2 ,0.000000,0.000000,0.000,0.000,AP
2025-08-02 23:25:11,1900-01-00 00:00:00,Fire Hotline,F0:2F:A7:C5:DF:0C,-85, WPA2 ,0.000000,0.000000,0.000,0.000,AP
2025-08-02 23:25:11,1900-01-00 00:00:00,Fire Hotline,F0:2F:A7:C5:DF:0C,-85, WPA2 ,0.000000,0.000000,0.000,0.000,AP
2025-08-02 23:25:11,1900-01-00 00:00:00,Fire Hotline,F0:2F:A7:C5:DF:0C,-86, WPA2 ,0.000000,0.000000,0.000,0.000,AP
2025-08-02 23:25:11,1900-01-00 00:00:00,Fire Hotline,F0:2F:A7:C5:DF:0C,-85, WPA2 ,0.000000,0.000000,0.000,0.000,AP
2025-08-02 23:25:11,1900-01-00 00:00:00,Fire Hotline,F0:2F:A7:C5:DF:0C,-85, WPA2 ,0.000000,0.000000,0.000,0.000,AP
2025-08-02 23:25:11,1900-01-00 00:00:00,Fire Hotline,F0:2F:A7:C5:DF:0C,-85, WPA2 ,0.000000,0.000000,0.000,0.000,AP
2025-08-02 23:25:12,1900-01-00 00:00:00,Fire Hotline,F0:2F:A7:C5:DF:0C,-85, WPA2 ,0.000000,0.000000,0.000,0.000,AP
2025-08-02 23:25:12,1900-01-00 00:00:00,Fire Hotline,F0:2F:A7:C5:DF:0C,-84, WPA2 ,0.000000,0.000000,0.000,0.000,AP
2025-08-02 23:25:12,1900-01-00 00:00:00,Fire Hotline,F0:2F:A7:C5:DF:0C,-84, WPA2 ,0.000000,0.000000,0.000,0.000,AP
2025-08-02 23:25:12,1900-01-00 00:00:00,Fire Hotline,F0:2F:A7:C5:DF:0C,-85, WPA2 ,0.000000,0.000000,0.000,0.000,AP
2025-08-02 23:25:12,1900-01-00 00:00:00,Fire Hotline,F0:2F:A7:C5:DF:0C,-85, WPA2 ,0.000000,0.000000,0.000,0.000,AP
2025-08-02 23:25:12,1900-01-00 00:00:00,Fire Hotline,F0:2F:A7:C5:DF:0C,-85, WPA2 ,0.000000,0.000000,0.000,0.000,AP
2025-08-02 23:25:12,1900-01-00 00:00:00,Fire Hotline,F0:2F:A7:C5:DF:0C,-84, WPA2 ,0.000000,0.000000,0.000,0.000,AP
2025-08-02 23:25:12,1900-01-00 00:00:00,Fire Hotline,F0:2F:A7:C5:DF:0C,-82, WPA2 ,0.000000,0.000000,0.000,0.000,AP
2025-08-02 23:25:12,1900-01-00 00:00:00,Fire Hotline,F0:2F:A7:C5:DF:0C,-86, WPA2 ,0.000000,0.000000,0.000,0.000,AP
2025-08-02 23:25:12,1900-01-00 00:00:00,Fire Hotline,F0:2F:A7:C5:DF:0C,-84, WPA2 ,0.000000,0.000000,0.000,0.000,AP
2025-08-02 23:25:12,1900-01-00 00:00:00,Fire Hotline,F0:2F:A7:C5:DF:0C,-82, WPA2 ,0.000000,0.000000,0.000,0.000,AP
2025-08-02 23:25:12,1900-01-00 00:00:00,Fire Hotline,F0:2F:A7:C5:DF:0C,-85, WPA2 ,0.000000,0.000000,0.000,0.000,AP
2025-08-02 23:25:12,1900-01-00 00:00:00,Fire Hotline,F0:2F:A7:C5:DF:0C,-86, WPA2 ,0.000000,0.000000,0.000,0.000,AP
2025-08-02 23:25:12,1900-01-00 00:00:00,Fire Hotline,F0:2F:A7:C5:DF:0C,-85, WPA2 ,0.000000,0.000000,0.000,0.000,AP
2025-08-02 23:25:12,1900-01-00 00:00:00,Fire Hotline,F0:2F:A7:C5:DF:0C,-86, WPA2 ,0.000000,0.000000,0.000,0.000,AP
2025-08-02 23:25:13,1900-01-00 00:00:00,Fire Hotline,F0:2F:A7:C5:DF:0C,-85, WPA2 ,0.000000,0.000000,0.000,0.000,AP
2025-08-02 23:25:13,1900-01-00 00:00:00,Fire Hotline,F0:2F:A7:C5:DF:0C,-84, WPA2 ,0.000000,0.000000,0.000,0.000,AP
2025-08-02 23:25:13,1900-01-00 00:00:00,Fire Hotline,F0:2F:A7:C5:DF:0C,-86, WPA2 ,0.000000,0.000000,0.000,0.000,AP
2025-08-02 23:25:13,1900-01-00 00:00:00,Fire Hotline,F0:2F:A7:C5:DF:0C,-85, WPA2 ,0.000000,0.000000,0.000,0.000,AP
2025-08-02 23:25:13,1900-01-00 00:00:00,Fire Hotline,F0:2F:A7:C5:DF:0C,-85, WPA2 ,0.000000,0.000000,0.000,0.000,AP
2025-08-02 23:25:13,1900-01-00 00:00:00,Fire Hotline,F0:2F:A7:C5:DF:0C,-85, WPA2 ,0.000000,0.000000,0.000,0.000,AP
2025-08-02 23:25:13,1900-01-00 00:00:00,Fire Hotline,F0:2F:A7:C5:DF:0C,-86, WPA2 ,0.000000,0.000000,0.000,0.000,AP
2025-08-02 23:25:13,1900-01-00 00:00:00,Fire Hotline,F0:2F:A7:C5:DF:0C,-85, WPA2 ,0.000000,0.000000,0.000,0.000,AP
2025-08-02 23:25:13,1900-01-00 00:00:00,Fire Hotline,F0:2F:A7:C5:DF:0C,-85, WPA2 ,0.000000,0.000000,0.000,0.000,AP
2025-08-02 23:25:13,1900-01-00 00:00:00,Fire Hotline,F0:2F:A7:C5:DF:0C,-86, WPA2 ,0.000000,0.000000,0.000,0.000,AP
2025-08-02 23:25:13,1900-01-00 00:00:00,Fire Hotline,F0:2F:A7:C5:DF:0C,-85, WPA2 ,0.000000,0.000000,0.000,0.000,AP
2025-08-02 23:25:13,1900-01-00 00:00:00,Fire Hotline,F0:2F:A7:C5:DF:0C,-85, WPA2 ,0.000000,0.000000,0.000,0.000,AP
2025-08-02 23:25:13,1900-01-00 00:00:00,Fire Hotline,F0:2F:A7:C5:DF:0C,-84, WPA2 ,0.000000,0.000000,0.000,0.000,AP
2025-08-02 23:25:13,1900-01-00 00:00:00,Fire Hotline,F0:2F:A7:C5:DF:0C,-85, WPA2 ,0.000000,0.000000,0.000,0.000,AP
2025-08-02 23:25:13,1900-01-00 00:00:00,Fire Hotline,F0:2F:A7:C5:DF:0C,-85, WPA2 ,0.000000,0.000000,0.000,0.000,AP
2025-08-02 23:25:13,1900-01-00 00:00:00,Fire Hotline,F0:2F:A7:C5:DF:0C,-85, WPA2 ,0.000000,0.000000,0.000,0.000,AP
2025-08-02 23:25:14,1900-01-00 00:00:00,Fire Hotline,F0:2F:A7:C5:DF:0C,-85, WPA2 ,0.000000,0.000000,0.000,0.000,AP
2025-08-02 23:25:14,1900-01-00 00:00:00,Fire Hotline,F0:2F:A7:C5:DF:0C,-85, WPA2 ,0.000000,0.000000,0.000,0.000,AP
2025-08-02 23:25:14,1900-01-00 00:00:00,Fire Hotline,F0:2F:A7:C5:DF:0C,-85, WPA2 ,0.000000,0.000000,0.000,0.000,AP
2025-08-02 23:25:14,1900-01-00 00:00:00,Fire Hotline,F0:2F:A7:C5:DF:0C,-86, WPA2 ,0.000000,0.000000,0.000,0.000,AP
2025-08-02 23:25:14,1900-01-00 00:00:00,Fire Hotline,F0:2F:A7:C5:DF:0C,-85, WPA2 ,0.000000,0.000000,0.000,0.000,AP
2025-08-02 23:25:14,1900-01-00 00:00:00,Fire Hotline,F0:2F:A7:C5:DF:0C,-86, WPA2 ,0.000000,0.000000,0.000,0.000,AP
2025-08-02 23:25:14,1900-01-00 00:00:00,Fire Hotline,F0:2F:A7:C5:DF:0C,-86, WPA2 ,0.000000,0.000000,0.000,0.000,AP
2025-08-02 23:25:14,1900-01-00 00:00:00,Fire Hotline,F0:2F:A7:C5:DF:0C,-85, WPA2 ,0.000000,0.000000,0.000,0.000,AP
2025-08-02 23:25:14,1900-01-00 00:00:00,Fire Hotline,F0:2F:A7:C5:DF:0C,-85, WPA2 ,0.000000,0.000000,0.000,0.000,AP
2025-08-02 23:25:15,1900-01-00 00:00:00,Fire Hotline,F0:2F:A7:C5:DF:0C,-84, WPA2 ,0.000000,0.000000,0.000,0.000,AP
2025-08-02 23:25:15,1900-01-00 00:00:00,Fire Hotline,F0:2F:A7:C5:DF:0C,-86, WPA2 ,0.000000,0.000000,0.000,0.000,AP
2025-08-02 23:25:15,1900-01-00 00:00:00,Fire Hotline,F0:2F:A7:C5:DF:0C,-85, WPA2 ,0.000000,0.000000,0.000,0.000,AP
2025-08-02 23:25:15,1900-01-00 00:00:00,Fire Hotline,F0:2F:A7:C5:DF:0C,-85, WPA2 ,0.000000,0.000000,0.000,0.000,AP
2025-08-02 23:25:15,1900-01-00 00:00:00,Fire Hotline,F0:2F:A7:C5:DF:0C,-85, WPA2 ,0.000000,0.000000,0.000,0.000,AP
2025-08-02 23:25:15,1900-01-00 00:00:00,Fire Hotline,F0:2F:A7:C5:DF:0C,-86, WPA2 ,0.000000,0.000000,0.000,0.000,AP
2025-08-02 23:25:15,1900-01-00 00:00:00,Fire Hotline,F0:2F:A7:C5:DF:0C,-86, WPA2 ,0.000000,0.000000,0.000,0.000,AP
2025-08-02 23:25:15,1900-01-00 00:00:00,Fire Hotline,F0:2F:A7:C5:DF:0C,-85, WPA2 ,0.000000,0.000000,0.000,0.000,AP
2025-08-02 23:25:15,1900-01-00 00:00:00,Fire Hotline,F0:2F:A7:C5:DF:0C,-86, WPA2 ,0.000000,0.000000,0.000,0.000,AP
2025-08-02 23:25:15,1900-01-00 00:00:00,Fire Hotline,F0:2F:A7:C5:DF:0C,-86, WPA2 ,0.000000,0.000000,0.000,0.000,AP
2025-08-02 23:25:16,1900-01-00 00:00:00,Fire Hotline,F0:2F:A7:C5:DF:0C,-85, WPA2 ,0.000000,0.000000,0.000,0.000,AP
2025-08-02 23:25:16,1900-01-00 00:00:00,Fire Hotline,F0:2F:A7:C5:DF:0C,-85, WPA2 ,0.000000,0.000000,0.000,0.000,AP
2025-08-02 23:25:16,1900-01-00 00:00:00,Fire Hotline,F0:2F:A7:C5:DF:0C,-85, WPA2 ,0.000000,0.000000,0.000,0.000,AP
2025-08-02 23:25:16,1900-01-00 00:00:00,Fire Hotline,F0:2F:A7:C5:DF:0C,-86, WPA2 ,0.000000,0.000000,0.000,0.000,AP
2025-08-02 23:25:16,1900-01-00 00:00:00,Fire Hotline,F0:2F:A7:C5:DF:0C,-85, WPA2 ,0.000000,0.000000,0.000,0.000,AP
2025-08-02 23:25:16,1900-01-00 00:00:00,Fire Hotline,F0:2F:A7:C5:DF:0C,-84, WPA2 ,0.000000,0.000000,0.000,0.000,AP
2025-08-02 23:25:16,1900-01-00 00:00:00,Fire Hotline,F0:2F:A7:C5:DF:0C,-86, WPA2 ,0.000000,0.000000,0.000,0.000,AP
2025-08-02 23:25:16,1900-01-00 00:00:00,Fire Hotline,F0:2F:A7:C5:DF:0C,-85, WPA2 ,0.000000,0.000000,0.000,0.000,AP
2025-08-02 23:25:16,1900-01-00 00:00:00,Fire Hotline,F0:2F:A7:C5:DF:0C,-86, WPA2 ,0.000000,0.000000,0.000,0.000,AP
2025-08-02 23:25:16,1900-01-00 00:00:00,Fire Hotline,F0:2F:A7:C5:DF:0C,-84, WPA2 ,0.000000,0.000000,0.000,0.000,AP
2025-08-02 23:25:17,1900-01-00 00:00:00,Fire Hotline,F0:2F:A7:C5:DF:0C,-85, WPA2 ,0.000000,0.000000,0.000,0.000,AP
2025-08-02 23:25:17,1900-01-00 00:00:00,Fire Hotline,F0:2F:A7:C5:DF:0C,-85, WPA2 ,0.000000,0.000000,0.000,0.000,AP
2025-08-02 23:25:17,1900-01-00 00:00:00,Fire Hotline,F0:2F:A7:C5:DF:0C,-86, WPA2 ,0.000000,0.000000,0.000,0.000,AP
2025-08-02 23:25:17,1900-01-00 00:00:00,Fire Hotline,F0:2F:A7:C5:DF:0C,-85, WPA2 ,0.000000,0.000000,0.000,0.000,AP
2025-08-02 23:25:17,1900-01-00 00:00:00,Fire Hotline,F0:2F:A7:C5:DF:0C,-85, WPA2 ,0.000000,0.000000,0.000,0.000,AP
2025-08-02 23:25:17,1900-01-00 00:00:00,Fire Hotline,F0:2F:A7:C5:DF:0C,-84, WPA2 ,0.000000,0.000000,0.000,0.000,AP
2025-08-02 23:25:17,1900-01-00 00:00:00,Fire Hotline,F0:2F:A7:C5:DF:0C,-86, WPA2 ,0.000000,0.000000,0.000,0.000,AP
2025-08-02 23:25:17,1900-01-00 00:00:00,Fire Hotline,F0:2F:A7:C5:DF:0C,-86, WPA2 ,0.000000,0.000000,0.000,0.000,AP
2025-08-02 23:25:17,1900-01-00 00:00:00,Fire Hotline,F0:2F:A7:C5:DF:0C,-85, WPA2 ,0.000000,0.000000,0.000,0.000,AP
2025-08-02 23:25:17,1900-01-00 00:00:00,Fire Hotline,F0:2F:A7:C5:DF:0C,-85, WPA2 ,0.000000,0.000000,0.000,0.000,AP
2025-08-02 23:25:17,1900-01-00 00:00:00,Fire Hotline,F0:2F:A7:C5:DF:0C,-80, WPA2 ,0.000000,0.000000,0.000,0.000,AP
2025-08-02 23:25:17,1900-01-00 00:00:00,Fire Hotline,F0:2F:A7:C5:DF:0C,-82, WPA2 ,0.000000,0.000000,0.000,0.000,AP
2025-08-02 23:25:17,1900-01-00 00:00:00,Fire Hotline,F0:2F:A7:C5:DF:0C,-85, WPA2 ,0.000000,0.000000,0.000,0.000,AP
2025-08-02 23:25:17,1900-01-00 00:00:00,Fire Hotline,F0:2F:A7:C5:DF:0C,-86, WPA2 ,0.000000,0.000000,0.000,0.000,AP
2025-08-02 23:25:17,1900-01-00 00:00:00,Fire Hotline,F0:2F:A7:C5:DF:0C,-85, WPA2 ,0.000000,0.000000,0.000,0.000,AP
2025-08-02 23:25:17,1900-01-00 00:00:00,Fire Hotline,F0:2F:A7:C5:DF:0C,-85, WPA2 ,0.000000,0.000000,0.000,0.000,AP
2025-08-02 23:25:17,1900-01-00 00:00:00,Fire Hotline,F0:2F:A7:C5:DF:0C,-85, WPA2 ,0.000000,0.000000,0.000,0.000,AP
2025-08-02 23:25:18,1900-01-00 00:00:00,Fire Hotline,F0:2F:A7:C5:DF:0C,-85, WPA2 ,0.000000,0.000000,0.000,0.000,AP
2025-08-02 23:25:18,1900-01-00 00:00:00,Fire Hotline,F0:2F:A7:C5:DF:0C,-84, WPA2 ,0.000000,0.000000,0.000,0.000,AP
2025-08-02 23:25:18,1900-01-00 00:00:00,Fire Hotline,F0:2F:A7:C5:DF:0C,-86, WPA2 ,0.000000,0.000000,0.000,0.000,AP
2025-08-02 23:25:18,1900-01-00 00:00:00,Fire Hotline,F0:2F:A7:C5:DF:0C,-86, WPA2 ,0.000000,0.000000,0.000,0.000,AP
2025-08-02 23:25:18,1900-01-00 00:00:00,Fire Hotline,F0:2F:A7:C5:DF:0C,-84, WPA2 ,0.000000,0.000000,0.000,0.000,AP
2025-08-02 23:25:18,1900-01-00 00:00:00,Fire Hotline,F0:2F:A7:C5:DF:0C,-85, WPA2 ,0.000000,0.000000,0.000,0.000,AP
2025-08-02 23:25:18,1900-01-00 00:00:00,Fire Hotline,F0:2F:A7:C5:DF:0C,-86, WPA2 ,0.000000,0.000000,0.000,0.000,AP
2025-08-02 23:25:18,1900-01-00 00:00:00,Fire Hotline,F0:2F:A7:C5:DF:0C,-86, WPA2 ,0.000000,0.000000,0.000,0.000,AP
2025-08-02 23:25:18,1900-01-00 00:00:00,Fire Hotline,F0:2F:A7:C5:DF:0C,-85, WPA2 ,0.000000,0.000000,0.000,0.000,AP
2025-08-02 23:25:18,1900-01-00 00:00:00,Fire Hotline,F0:2F:A7:C5:DF:0C,-86, WPA2 ,0.000000,0.000000,0.000,0.000,AP
2025-08-02 23:25:19,1900-01-00 00:00:00,Fire Hotline,F0:2F:A7:C5:DF:0C,-85, WPA2 ,0.000000,0.000000,0.000,0.000,AP
2025-08-02 23:25:19,1900-01-00 00:00:00,Fire Hotline,F0:2F:A7:C5:DF:0C,-85, WPA2 ,0.000000,0.000000,0.000,0.000,AP
2025-08-02 23:25:19,1900-01-00 00:00:00,Fire Hotline,F0:2F:A7:C5:DF:0C,-81, WPA2 ,0.000000,0.000000,0.000,0.000,AP
2025-08-02 23:25:19,1900-01-00 00:00:00,Fire Hotline,F0:2F:A7:C5:DF:0C,-84, WPA2 ,0.000000,0.000000,0.000,0.000,AP
2025-08-02 23:25:19,1900-01-00 00:00:00,Fire Hotline,F0:2F:A7:C5:DF:0C,-84, WPA2 ,0.000000,0.000000,0.000,0.000,AP
2025-08-02 23:25:19,1900-01-00 00:00:00,Fire Hotline,F0:2F:A7:C5:DF:0C,-85, WPA2 ,0.000000,0.000000,0.000,0.000,AP
2025-08-02 23:25:19,1900-01-00 00:00:00,Fire Hotline,F0:2F:A7:C5:DF:0C,-84, WPA2 ,0.000000,0.000000,0.000,0.000,AP
2025-08-02 23:25:19,1900-01-00 00:00:00,Fire Hotline,F0:2F:A7:C5:DF:0C,-85, WPA2 ,0.000000,0.000000,0.000,0.000,AP
2025-08-02 23:25:19,1900-01-00 00:00:00,Fire Hotline,F0:2F:A7:C5:DF:0C,-84, WPA2 ,0.000000,0.000000,0.000,0.000,AP
2025-08-02 23:25:19,1900-01-00 00:00:00,Fire Hotline,F0:2F:A7:C5:DF:0C,-83, WPA2 ,0.000000,0.000000,0.000,0.000,AP
2025-08-02 23:25:19,1900-01-00 00:00:00,Fire Hotline,F0:2F:A7:C5:DF:0C,-85, WPA2 ,0.000000,0.000000,0.000,0.000,AP
2025-08-02 23:25:19,1900-01-00 00:00:00,Fire Hotline,F0:2F:A7:C5:DF:0C,-85, WPA2 ,0.000000,0.000000,0.000,0.000,AP
2025-08-02 23:25:19,1900-01-00 00:00:00,Fire Hotline,F0:2F:A7:C5:DF:0C,-84, WPA2 ,0.000000,0.000000,0.000,0.000,AP
2025-08-02 23:25:19,1900-01-00 00:00:00,Fire Hotline,F0:2F:A7:C5:DF:0C,-85, WPA2 ,0.000000,0.000000,0.000,0.000,AP
2025-08-02 23:25:19,1900-01-00 00:00:00,Fire Hotline,F0:2F:A7:C5:DF:0C,-84, WPA2 ,0.000000,0.000000,0.000,0.000,AP
2025-08-02 23:25:19,1900-01-00 00:00:00,Fire Hotline,F0:2F:A7:C5:DF:0C,-84, WPA2 ,0.000000,0.000000,0.000,0.000,AP
2025-08-02 23:25:19,1900-01-00 00:00:00,Fire Hotline,F0:2F:A7:C5:DF:0C,-85, WPA2 ,0.000000,0.000000,0.000,0.000,AP
2025-08-02 23:25:19,1900-01-00 00:00:00,Fire Hotline,F0:2F:A7:C5:DF:0C,-85, WPA2 ,0.000000,0.000000,0.000,0.000,AP
2025-08-02 23:25:19,1900-01-00 00:00:00,Fire Hotline,F0:2F:A7:C5:DF:0C,-85, WPA2 ,0.000000,0.000000,0.000,0.000,AP
2025-08-02 23:25:19,1900-01-00 00:00:00,Fire Hotline,F0:2F:A7:C5:DF:0C,-85, WPA2 ,0.000000,0.000000,0.000,0.000,AP
2025-08-02 23:25:19,1900-01-00 00:00:00,Fire Hotline,F0:2F:A7:C5:DF:0C,-85, WPA2 ,0.000000,0.000000,0.000,0.000,AP
2025-08-02 23:25:20,1900-01-00 00:00:00,Fire Hotline,F0:2F:A7:C5:DF:0C,-85, WPA2 ,0.000000,0.000000,0.000,0.000,AP
2025-08-02 23:25:20,1900-01-00 00:00:00,Fire Hotline,F0:2F:A7:C5:DF:0C,-86, WPA2 ,0.000000,0.000000,0.000,0.000,AP
2025-08-02 23:25:20,1900-01-00 00:00:00,Fire Hotline,F0:2F:A7:C5:DF:0C,-84, WPA2 ,0.000000,0.000000,0.000,0.000,AP
2025-08-02 23:25:20,1900-01-00 00:00:00,Fire Hotline,F0:2F:A7:C5:DF:0C,-85, WPA2 ,0.000000,0.000000,0.000,0.000,AP
2025-08-02 23:25:20,1900-01-00 00:00:00,Fire Hotline,F0:2F:A7:C5:DF:0C,-86, WPA2 ,0.000000,0.000000,0.000,0.000,AP
2025-08-02 23:25:20,1900-01-00 00:00:00,Fire Hotline,F0:2F:A7:C5:DF:0C,-85, WPA2 ,0.000000,0.000000,0.000,0.000,AP
2025-08-02 23:25:20,1900-01-00 00:00:00,Fire Hotline,F0:2F:A7:C5:DF:0C,-85, WPA2 ,0.000000,0.000000,0.000,0.000,AP
2025-08-02 23:25:20,1900-01-00 00:00:00,Fire Hotline,F0:2F:A7:C5:DF:0C,-86, WPA2 ,0.000000,0.000000,0.000,0.000,AP
2025-08-02 23:25:20,1900-01-00 00:00:00,Fire Hotline,F0:2F:A7:C5:DF:0C,-84, WPA2 ,0.000000,0.000000,0.000,0.000,AP
2025-08-02 23:25:20,1900-01-00 00:00:00,Fire Hotline,F0:2F:A7:C5:DF:0C,-84, WPA2 ,0.000000,0.000000,0.000,0.000,AP
2025-08-02 23:25:20,1900-01-00 00:00:00,Fire Hotline,F0:2F:A7:C5:DF:0C,-85, WPA2 ,0.000000,0.000000,0.000,0.000,AP
2025-08-02 23:25:20,1900-01-00 00:00:00,Fire Hotline,F0:2F:A7:C5:DF:0C,-86, WPA2 ,0.000000,0.000000,0.000,0.000,AP
2025-08-02 23:25:21,1900-01-00 00:00:00,Fire Hotline,F0:2F:A7:C5:DF:0C,-85, WPA2 ,0.000000,0.000000,0.000,0.000,AP
2025-08-02 23:25:21,1900-01-00 00:00:00,Fire Hotline,F0:2F:A7:C5:DF:0C,-85, WPA2 ,0.000000,0.000000,0.000,0.000,AP
2025-08-02 23:25:21,1900-01-00 00:00:00,Fire Hotline,F0:2F:A7:C5:DF:0C,-85, WPA2 ,0.000000,0.000000,0.000,0.000,AP
2025-08-02 23:25:21,1900-01-00 00:00:00,Fire Hotline,F0:2F:A7:C5:DF:0C,-86, WPA2 ,0.000000,0.000000,0.000,0.000,AP
2025-08-02 23:25:21,1900-01-00 00:00:00,Fire Hotline,F0:2F:A7:C5:DF:0C,-85, WPA2 ,0.000000,0.000000,0.000,0.000,AP
2025-08-02 23:25:21,1900-01-00 00:00:00,Fire Hotline,F0:2F:A7:C5:DF:0C,-86, WPA2 ,0.000000,0.000000,0.000,0.000,AP
2025-08-02 23:25:21,1900-01-00 00:00:00,Fire Hotline,F0:2F:A7:C5:DF:0C,-85, WPA2 ,0.000000,0.000000,0.000,0.000,AP
2025-08-02 23:25:21,1900-01-00 00:00:00,Fire Hotline,F0:2F:A7:C5:DF:0C,-84, WPA2 ,0.000000,0.000000,0.000,0.000,AP
2025-08-02 23:25:21,1900-01-00 00:00:00,Fire Hotline,F0:2F:A7:C5:DF:0C,-85, WPA2 ,0.000000,0.000000,0.000,0.000,AP
2025-08-02 23:25:22,1900-01-00 00:00:00,Fire Hotline,F0:2F:A7:C5:DF:0C,-85, WPA2 ,0.000000,0.000000,0.000,0.000,AP
2025-08-02 23:25:22,1900-01-00 00:00:00,Fire Hotline,F0:2F:A7:C5:DF:0C,-85, WPA2 ,0.000000,0.000000,0.000,0.000,AP
2025-08-02 23:25:22,1900-01-00 00:00:00,Fire Hotline,F0:2F:A7:C5:DF:0C,-84, WPA2 ,0.000000,0.000000,0.000,0.000,AP
2025-08-02 23:25:22,1900-01-00 00:00:00,Fire Hotline,F0:2F:A7:C5:DF:0C,-84, WPA2 ,0.000000,0.000000,0.000,0.000,AP
2025-08-02 23:25:22,1900-01-00 00:00:00,Fire Hotline,F0:2F:A7:C5:DF:0C,-86, WPA2 ,0.000000,0.000000,0.000,0.000,AP
2025-08-02 23:25:22,1900-01-00 00:00:00,Fire Hotline,F0:2F:A7:C5:DF:0C,-83, WPA2 ,0.000000,0.000000,0.000,0.000,AP
2025-08-02 23:25:22,1900-01-00 00:00:00,Fire Hotline,F0:2F:A7:C5:DF:0C,-85, WPA2 ,0.000000,0.000000,0.000,0.000,AP
2025-08-02 23:25:22,1900-01-00 00:00:00,Fire Hotline,F0:2F:A7:C5:DF:0C,-84, WPA2 ,0.000000,0.000000,0.000,0.000,AP
2025-08-02 23:25:22,1900-01-00 00:00:00,Fire Hotline,F0:2F:A7:C5:DF:0C,-83, WPA2 ,0.000000,0.000000,0.000,0.000,AP
2025-08-02 23:25:22,1900-01-00 00:00:00,Fire Hotline,F0:2F:A7:C5:DF:0C,-86, WPA2 ,0.000000,0.000000,0.000,0.000,AP
2025-08-02 23:25:22,1900-01-00 00:00:00,Fire Hotline,F0:2F:A7:C5:DF:0C,-85, WPA2 ,0.000000,0.000000,0.000,0.000,AP
2025-08-02 23:25:22,1900-01-00 00:00:00,Fire Hotline,F0:2F:A7:C5:DF:0C,-85, WPA2 ,0.000000,0.000000,0.000,0.000,AP
2025-08-02 23:25:22,1900-01-00 00:00:00,Fire Hotline,F0:2F:A7:C5:DF:0C,-85, WPA2 ,0.000000,0.000000,0.000,0.000,AP
2025-08-02 23:25:22,1900-01-00 00:00:00,Fire Hotline,F0:2F:A7:C5:DF:0C,-86, WPA2 ,0.000000,0.000000,0.000,0.000,AP
2025-08-02 23:25:22,1900-01-00 00:00:00,Fire Hotline,F0:2F:A7:C5:DF:0C,-84, WPA2 ,0.000000,0.000000,0.000,0.000,AP
2025-08-02 23:25:23,1900-01-00 00:00:00,Fire Hotline,F0:2F:A7:C5:DF:0C,-84, WPA2 ,0.000000,0.000000,0.000,0.000,AP
2025-08-02 23:25:23,1900-01-00 00:00:00,Fire Hotline,F0:2F:A7:C5:DF:0C,-84, WPA2 ,0.000000,0.000000,0.000,0.000,AP
2025-08-02 23:25:23,1900-01-00 00:00:00,Fire Hotline,F0:2F:A7:C5:DF:0C,-85, WPA2 ,0.000000,0.000000,0.000,0.000,AP
2025-08-02 23:25:23,1900-01-00 00:00:00,Fire Hotline,F0:2F:A7:C5:DF:0C,-85, WPA2 ,0.000000,0.000000,0.000,0.000,AP
2025-08-02 23:25:23,1900-01-00 00:00:00,Fire Hotline,F0:2F:A7:C5:DF:0C,-85, WPA2 ,0.000000,0.000000,0.000,0.000,AP
2025-08-02 23:25:23,1900-01-00 00:00:00,Fire Hotline,F0:2F:A7:C5:DF:0C,-84, WPA2 ,0.000000,0.000000,0.000,0.000,AP
2025-08-02 23:25:23,1900-01-00 00:00:00,Fire Hotline,F0:2F:A7:C5:DF:0C,-85, WPA2 ,0.000000,0.000000,0.000,0.000,AP
2025-08-02 23:25:23,1900-01-00 00:00:00,Fire Hotline,F0:2F:A7:C5:DF:0C,-85, WPA2 ,0.000000,0.000000,0.000,0.000,AP
2025-08-02 23:25:23,1900-01-00 00:00:00,Fire Hotline,F0:2F:A7:C5:DF:0C,-87, WPA2 ,0.000000,0.000000,0.000,0.000,AP
2025-08-02 23:25:24,1900-01-00 00:00:00,Fire Hotline,F0:2F:A7:C5:DF:0C,-85, WPA2 ,0.000000,0.000000,0.000,0.000,AP
2025-08-02 23:25:24,1900-01-00 00:00:00,Fire Hotline,F0:2F:A7:C5:DF:0C,-84, WPA2 ,0.000000,0.000000,0.000,0.000,AP
2025-08-02 23:25:24,1900-01-00 00:00:00,Fire Hotline,F0:2F:A7:C5:DF:0C,-84, WPA2 ,0.000000,0.000000,0.000,0.000,AP
2025-08-02 23:25:24,1900-01-00 00:00:00,Fire Hotline,F0:2F:A7:C5:DF:0C,-85, WPA2 ,0.000000,0.000000,0.000,0.000,AP
2025-08-02 23:25:24,1900-01-00 00:00:00,Fire Hotline,F0:2F:A7:C5:DF:0C,-84, WPA2 ,0.000000,0.000000,0.000,0.000,AP
2025-08-02 23:25:24,1900-01-00 00:00:00,Fire Hotline,F0:2F:A7:C5:DF:0C,-84, WPA2 ,0.000000,0.000000,0.000,0.000,AP
2025-08-02 23:25:24,1900-01-00 00:00:00,Fire Hotline,F0:2F:A7:C5:DF:0C,-85, WPA2 ,0.000000,0.000000,0.000,0.000,AP
2025-08-02 23:25:24,1900-01-00 00:00:00,Fire Hotline,F0:2F:A7:C5:DF:0C,-84, WPA2 ,0.000000,0.000000,0.000,0.000,AP
2025-08-02 23:25:24,1900-01-00 00:00:00,Fire Hotline,F0:2F:A7:C5:DF:0C,-85, WPA2 ,0.000000,0.000000,0.000,0.000,AP
2025-08-02 23:25:24,1900-01-00 00:00:00,Fire Hotline,F0:2F:A7:C5:DF:0C,-85, WPA2 ,0.000000,0.000000,0.000,0.000,AP
2025-08-02 23:25:25,1900-01-00 00:00:00,Fire Hotline,F0:2F:A7:C5:DF:0C,-84, WPA2 ,0.000000,0.000000,0.000,0.000,AP
2025-08-02 23:25:25,1900-01-00 00:00:00,Fire Hotline,F0:2F:A7:C5:DF:0C,-85, WPA2 ,0.000000,0.000000,0.000,0.000,AP
2025-08-02 23:25:25,1900-01-00 00:00:00,Fire Hotline,F0:2F:A7:C5:DF:0C,-85, WPA2 ,0.000000,0.000000,0.000,0.000,AP
2025-08-02 23:25:25,1900-01-00 00:00:00,Fire Hotline,F0:2F:A7:C5:DF:0C,-84, WPA2 ,0.000000,0.000000,0.000,0.000,AP
2025-08-02 23:25:25,1900-01-00 00:00:00,Fire Hotline,F0:2F:A7:C5:DF:0C,-85, WPA2 ,0.000000,0.000000,0.000,0.000,AP
2025-08-02 23:25:25,1900-01-00 00:00:00,Fire Hotline,F0:2F:A7:C5:DF:0C,-85, WPA2 ,0.000000,0.000000,0.000,0.000,AP
2025-08-02 23:25:25,1900-01-00 00:00:00,Fire Hotline,F0:2F:A7:C5:DF:0C,-84, WPA2 ,0.000000,0.000000,0.000,0.000,AP
2025-08-02 23:25:25,1900-01-00 00:00:00,Fire Hotline,F0:2F:A7:C5:DF:0C,-85, WPA2 ,0.000000,0.000000,0.000,0.000,AP
2025-08-02 23:25:25,1900-01-00 00:00:00,Fire Hotline,F0:2F:A7:C5:DF:0C,-85, WPA2 ,0.000000,0.000000,0.000,0.000,AP
2025-08-02 23:25:25,1900-01-00 00:00:00,Fire Hotline,F0:2F:A7:C5:DF:0C,-85, WPA2 ,0.000000,0.000000,0.000,0.000,AP
2025-08-02 23:25:25,1900-01-00 00:00:00,Fire Hotline,F0:2F:A7:C5:DF:0C,-84, WPA2 ,0.000000,0.000000,0.000,0.000,AP
2025-08-02 23:25:26,1900-01-00 00:00:00,Fire Hotline,F0:2F:A7:C5:DF:0C,-85, WPA2 ,0.000000,0.000000,0.000,0.000,AP
2025-08-02 23:25:26,1900-01-00 00:00:00,Fire Hotline,F0:2F:A7:C5:DF:0C,-85, WPA2 ,0.000000,0.000000,0.000,0.000,AP
2025-08-02 23:25:26,1900-01-00 00:00:00,Fire Hotline,F0:2F:A7:C5:DF:0C,-86, WPA2 ,0.000000,0.000000,0.000,0.000,AP
2025-08-02 23:25:26,1900-01-00 00:00:00,Fire Hotline,F0:2F:A7:C5:DF:0C,-86, WPA2 ,0.000000,0.000000,0.000,0.000,AP
2025-08-02 23:25:26,1900-01-00 00:00:00,Fire Hotline,F0:2F:A7:C5:DF:0C,-85, WPA2 ,0.000000,0.000000,0.000,0.000,AP
2025-08-02 23:25:26,1900-01-00 00:00:00,Fire Hotline,F0:2F:A7:C5:DF:0C,-84, WPA2 ,0.000000,0.000000,0.000,0.000,AP
2025-08-02 23:25:26,1900-01-00 00:00:00,Fire Hotline,F0:2F:A7:C5:DF:0C,-85, WPA2 ,0.000000,0.000000,0.000,0.000,AP
2025-08-02 23:25:26,1900-01-00 00:00:00,Fire Hotline,F0:2F:A7:C5:DF:0C,-85, WPA2 ,0.000000,0.000000,0.000,0.000,AP
2025-08-02 23:25:26,1900-01-00 00:00:00,Fire Hotline,F0:2F:A7:C5:DF:0C,-86, WPA2 ,0.000000,0.000000,0.000,0.000,AP
2025-08-02 23:25:26,1900-01-00 00:00:00,Fire Hotline,F0:2F:A7:C5:DF:0C,-85, WPA2 ,0.000000,0.000000,0.000,0.000,AP
2025-08-02 23:25:27,1900-01-00 00:00:00,Fire Hotline,F0:2F:A7:C5:DF:0C,-85, WPA2 ,0.000000,0.000000,0.000,0.000,AP
2025-08-02 23:25:27,1900-01-00 00:00:00,Fire Hotline,F0:2F:A7:C5:DF:0C,-86, WPA2 ,0.000000,0.000000,0.000,0.000,AP
2025-08-02 23:25:27,1900-01-00 00:00:00,Fire Hotline,F0:2F:A7:C5:DF:0C,-85, WPA2 ,0.000000,0.000000,0.000,0.000,AP
2025-08-02 23:25:27,1900-01-00 00:00:00,Fire Hotline,F0:2F:A7:C5:DF:0C,-85, WPA2 ,0.000000,0.000000,0.000,0.000,AP
2025-08-02 23:25:27,1900-01-00 00:00:00,Fire Hotline,F0:2F:A7:C5:DF:0C,-84, WPA2 ,0.000000,0.000000,0.000,0.000,AP
2025-08-02 23:25:27,1900-01-00 00:00:00,Fire Hotline,F0:2F:A7:C5:DF:0C,-85, WPA2 ,0.000000,0.000000,0.000,0.000,AP
2025-08-02 23:25:27,1900-01-00 00:00:00,Fire Hotline,F0:2F:A7:C5:DF:0C,-85, WPA2 ,0.000000,0.000000,0.000,0.000,AP
2025-08-02 23:25:27,1900-01-00 00:00:00,Fire Hotline,F0:2F:A7:C5:DF:0C,-86, WPA2 ,0.000000,0.000000,0.000,0.000,AP
2025-08-02 23:25:27,1900-01-00 00:00:00,Fire Hotline,F0:2F:A7:C5:DF:0C,-85, WPA2 ,0.000000,0.000000,0.000,0.000,AP
2025-08-02 23:25:27,1900-01-00 00:00:00,Fire Hotline,F0:2F:A7:C5:DF:0C,-85, WPA2 ,0.000000,0.000000,0.000,0.000,AP
2025-08-02 23:25:27,1900-01-00 00:00:00,Fire Hotline,F0:2F:A7:C5:DF:0C,-86, WPA2 ,0.000000,0.000000,0.000,0.000,AP
2025-08-02 23:25:27,1900-01-00 00:00:00,Fire Hotline,F0:2F:A7:C5:DF:0C,-86, WPA2 ,0.000000,0.000000,0.000,0.000,AP
2025-08-02 23:25:27,1900-01-00 00:00:00,Fire Hotline,F0:2F:A7:C5:DF:0C,-85, WPA2 ,0.000000,0.000000,0.000,0.000,AP
2025-08-02 23:25:27,1900-01-00 00:00:00,Fire Hotline,F0:2F:A7:C5:DF:0C,-85, WPA2 ,0.000000,0.000000,0.000,0.000,AP
2025-08-02 23:25:27,1900-01-00 00:00:00,Fire Hotline,F0:2F:A7:C5:DF:0C,-85, WPA2 ,0.000000,0.000000,0.000,0.000,AP
2025-08-02 23:25:27,1900-01-00 00:00:00,Fire Hotline,F0:2F:A7:C5:DF:0C,-86, WPA2 ,0.000000,0.000000,0.000,0.000,AP
2025-08-02 23:25:27,1900-01-00 00:00:00,Fire Hotline,F0:2F:A7:C5:DF:0C,-85, WPA2 ,0.000000,0.000000,0.000,0.000,AP
2025-08-02 23:25:27,1900-01-00 00:00:00,Fire Hotline,F0:2F:A7:C5:DF:0C,-85, WPA2 ,0.000000,0.000000,0.000,0.000,AP
2025-08-02 23:25:27,1900-01-00 00:00:00,Fire Hotline,F0:2F:A7:C5:DF:0C,-84, WPA2 ,0.000000,0.000000,0.000,0.000,AP
2025-08-02 23:25:28,1900-01-00 00:00:00,Fire Hotline,F0:2F:A7:C5:DF:0C,-83, WPA2 ,0.000000,0.000000,0.000,0.000,AP
2025-08-02 23:25:28,1900-01-00 00:00:00,Fire Hotline,F0:2F:A7:C5:DF:0C,-85, WPA2 ,0.000000,0.000000,0.000,0.000,AP
2025-08-02 23:25:28,1900-01-00 00:00:00,Fire Hotline,F0:2F:A7:C5:DF:0C,-85, WPA2 ,0.000000,0.000000,0.000,0.000,AP
2025-08-02 23:25:28,1900-01-00 00:00:00,Fire Hotline,F0:2F:A7:C5:DF:0C,-85, WPA2 ,0.000000,0.000000,0.000,0.000,AP
2025-08-02 23:25:28,1900-01-00 00:00:00,Fire Hotline,F0:2F:A7:C5:DF:0C,-85, WPA2 ,0.000000,0.000000,0.000,0.000,AP
2025-08-02 23:25:28,1900-01-00 00:00:00,Fire Hotline,F0:2F:A7:C5:DF:0C,-84, WPA2 ,0.000000,0.000000,0.000,0.000,AP
2025-08-02 23:25:28,1900-01-00 00:00:00,Fire Hotline,F0:2F:A7:C5:DF:0C,-86, WPA2 ,0.000000,0.000000,0.000,0.000,AP
2025-08-02 23:25:28,1900-01-00 00:00:00,Fire Hotline,F0:2F:A7:C5:DF:0C,-84, WPA2 ,0.000000,0.000000,0.000,0.000,AP
2025-08-02 23:25:28,1900-01-00 00:00:00,Fire Hotline,F0:2F:A7:C5:DF:0C,-84, WPA2 ,0.000000,0.000000,0.000,0.000,AP
2025-08-02 23:25:28,1900-01-00 00:00:00,Fire Hotline,F0:2F:A7:C5:DF:0C,-85, WPA2 ,0.000000,0.000000,0.000,0.000,AP
2025-08-02 23:25:29,1900-01-00 00:00:00,Fire Hotline,F0:2F:A7:C5:DF:0C,-85, WPA2 ,0.000000,0.000000,0.000,0.000,AP
2025-08-02 23:25:29,1900-01-00 00:00:00,Fire Hotline,F0:2F:A7:C5:DF:0C,-86, WPA2 ,0.000000,0.000000,0.000,0.000,AP
2025-08-02 23:25:29,1900-01-00 00:00:00,Fire Hotline,F0:2F:A7:C5:DF:0C,-86, WPA2 ,0.000000,0.000000,0.000,0.000,AP
2025-08-02 23:25:29,1900-01-00 00:00:00,Fire Hotline,F0:2F:A7:C5:DF:0C,-85, WPA2 ,0.000000,0.000000,0.000,0.000,AP
2025-08-02 23:25:29,1900-01-00 00:00:00,Fire Hotline,F0:2F:A7:C5:DF:0C,-85, WPA2 ,0.000000,0.000000,0.000,0.000,AP
2025-08-02 23:25:29,1900-01-00 00:00:00,Fire Hotline,F0:2F:A7:C5:DF:0C,-85, WPA2 ,0.000000,0.000000,0.000,0.000,AP
2025-08-02 23:25:29,1900-01-00 00:00:00,Fire Hotline,F0:2F:A7:C5:DF:0C,-85, WPA2 ,0.000000,0.000000,0.000,0.000,AP
2025-08-02 23:25:29,1900-01-00 00:00:00,Fire Hotline,F0:2F:A7:C5:DF:0C,-86, WPA2 ,0.000000,0.000000,0.000,0.000,AP
2025-08-02 23:25:29,1900-01-00 00:00:00,Fire Hotline,F0:2F:A7:C5:DF:0C,-85, WPA2 ,0.000000,0.000000,0.000,0.000,AP
2025-08-02 23:25:29,1900-01-00 00:00:00,Fire Hotline,F0:2F:A7:C5:DF:0C,-84, WPA2 ,0.000000,0.000000,0.000,0.000,AP
2025-08-02 23:25:30,1900-01-00 00:00:00,Fire Hotline,F0:2F:A7:C5:DF:0C,-86, WPA2 ,0.000000,0.000000,0.000,0.000,AP
2025-08-02 23:25:30,1900-01-00 00:00:00,Fire Hotline,F0:2F:A7:C5:DF:0C,-85, WPA2 ,0.000000,0.000000,0.000,0.000,AP
2025-08-02 23:25:30,1900-01-00 00:00:00,Fire Hotline,F0:2F:A7:C5:DF:0C,-85, WPA2 ,0.000000,0.000000,0.000,0.000,AP
2025-08-02 23:25:30,1900-01-00 00:00:00,Fire Hotline,F0:2F:A7:C5:DF:0C,-85, WPA2 ,0.000000,0.000000,0.000,0.000,AP
2025-08-02 23:25:30,1900-01-00 00:00:00,Fire Hotline,F0:2F:A7:C5:DF:0C,-85, WPA2 ,0.000000,0.000000,0.000,0.000,AP
2025-08-02 23:25:30,1900-01-00 00:00:00,Fire Hotline,F0:2F:A7:C5:DF:0C,-86, WPA2 ,0.000000,0.000000,0.000,0.000,AP
2025-08-02 23:25:30,1900-01-00 00:00:00,Fire Hotline,F0:2F:A7:C5:DF:0C,-84, WPA2 ,0.000000,0.000000,0.000,0.000,AP
2025-08-02 23:25:30,1900-01-00 00:00:00,Fire Hotline,F0:2F:A7:C5:DF:0C,-85, WPA2 ,0.000000,0.000000,0.000,0.000,AP
2025-08-02 23:25:30,1900-01-00 00:00:00,Fire Hotline,F0:2F:A7:C5:DF:0C,-86, WPA2 ,0.000000,0.000000,0.000,0.000,AP
2025-08-02 23:25:30,1900-01-00 00:00:00,Fire Hotline,F0:2F:A7:C5:DF:0C,-84, WPA2 ,0.000000,0.000000,0.000,0.000,AP
2025-08-02 23:25:31,1900-01-00 00:00:00,Fire Hotline,F0:2F:A7:C5:DF:0C,-85, WPA2 ,0.000000,0.000000,0.000,0.000,AP
2025-08-02 23:25:31,1900-01-00 00:00:00,Fire Hotline,F0:2F:A7:C5:DF:0C,-86, WPA2 ,0.000000,0.000000,0.000,0.000,AP
2025-08-02 23:25:31,1900-01-00 00:00:00,Fire Hotline,F0:2F:A7:C5:DF:0C,-85, WPA2 ,0.000000,0.000000,0.000,0.000,AP
2025-08-02 23:25:31,1900-01-00 00:00:00,Fire Hotline,F0:2F:A7:C5:DF:0C,-85, WPA2 ,0.000000,0.000000,0.000,0.000,AP
2025-08-02 23:25:31,1900-01-00 00:00:00,Fire Hotline,F0:2F:A7:C5:DF:0C,-85, WPA2 ,0.000000,0.000000,0.000,0.000,AP
2025-08-02 23:25:31,1900-01-00 00:00:00,Fire Hotline,F0:2F:A7:C5:DF:0C,-85, WPA2 ,0.000000,0.000000,0.000,0.000,AP
2025-08-02 23:25:31,1900-01-00 00:00:00,Fire Hotline,F0:2F:A7:C5:DF:0C,-85, WPA2 ,0.000000,0.000000,0.000,0.000,AP
2025-08-02 23:25:31,1900-01-00 00:00:00,Fire Hotline,F0:2F:A7:C5:DF:0C,-86, WPA2 ,0.000000,0.000000,0.000,0.000,AP
2025-08-02 23:25:31,1900-01-00 00:00:00,Fire Hotline,F0:2F:A7:C5:DF:0C,-85, WPA2 ,0.000000,0.000000,0.000,0.000,AP
2025-08-02 23:25:32,1900-01-00 00:00:00,Fire Hotline,F0:2F:A7:C5:DF:0C,-86, WPA2 ,0.000000,0.000000,0.000,0.000,AP
2025-08-02 23:25:32,1900-01-00 00:00:00,Fire Hotline,F0:2F:A7:C5:DF:0C,-85, WPA2 ,0.000000,0.000000,0.000,0.000,AP
2025-08-02 23:25:32,1900-01-00 00:00:00,Fire Hotline,F0:2F:A7:C5:DF:0C,-86, WPA2 ,0.000000,0.000000,0.000,0.000,AP
2025-08-02 23:25:32,1900-01-00 00:00:00,Fire Hotline,F0:2F:A7:C5:DF:0C,-85, WPA2 ,0.000000,0.000000,0.000,0.000,AP
2025-08-02 23:25:32,1900-01-00 00:00:00,Fire Hotline,F0:2F:A7:C5:DF:0C,-86, WPA2 ,0.000000,0.000000,0.000,0.000,AP
2025-08-02 23:25:32,1900-01-00 00:00:00,Fire Hotline,F0:2F:A7:C5:DF:0C,-84, WPA2 ,0.000000,0.000000,0.000,0.000,AP
2025-08-02 23:25:32,1900-01-00 00:00:00,Fire Hotline,F0:2F:A7:C5:DF:0C,-86, WPA2 ,0.000000,0.000000,0.000,0.000,AP
2025-08-02 23:25:32,1900-01-00 00:00:00,Fire Hotline,F0:2F:A7:C5:DF:0C,-85, WPA2 ,0.000000,0.000000,0.000,0.000,AP
2025-08-02 23:25:32,1900-01-00 00:00:00,Fire Hotline,F0:2F:A7:C5:DF:0C,-85, WPA2 ,0.000000,0.000000,0.000,0.000,AP
2025-08-02 23:25:32,1900-01-00 00:00:00,Fire Hotline,F0:2F:A7:C5:DF:0C,-86, WPA2 ,0.000000,0.000000,0.000,0.000,AP
2025-08-02 23:25:32,1900-01-00 00:00:00,Fire Hotline,F0:2F:A7:C5:DF:0C,-86, WPA2 ,0.000000,0.000000,0.000,0.000,AP
2025-08-02 23:25:32,1900-01-00 00:00:00,Fire Hotline,F0:2F:A7:C5:DF:0C,-82, WPA2 ,0.000000,0.000000,0.000,0.000,AP
2025-08-02 23:25:32,1900-01-00 00:00:00,Fire Hotline,F0:2F:A7:C5:DF:0C,-85, WPA2 ,0.000000,0.000000,0.000,0.000,AP
2025-08-02 23:25:32,1900-01-00 00:00:00,Fire Hotline,F0:2F:A7:C5:DF:0C,-85, WPA2 ,0.000000,0.000000,0.000,0.000,AP
2025-08-02 23:25:32,1900-01-00 00:00:00,Fire Hotline,F0:2F:A7:C5:DF:0C,-86, WPA2 ,0.000000,0.000000,0.000,0.000,AP
2025-08-02 23:25:32,1900-01-00 00:00:00,Fire Hotline,F0:2F:A7:C5:DF:0C,-85, WPA2 ,0.000000,0.000000,0.000,0.000,AP
2025-08-02 23:25:32,1900-01-00 00:00:00,Fire Hotline,F0:2F:A7:C5:DF:0C,-86, WPA2 ,0.000000,0.000000,0.000,0.000,AP
2025-08-02 23:25:32,1900-01-00 00:00:00,Fire Hotline,F0:2F:A7:C5:DF:0C,-85, WPA2 ,0.000000,0.000000,0.000,0.000,AP
2025-08-02 23:25:32,1900-01-00 00:00:00,Fire Hotline,F0:2F:A7:C5:DF:0C,-85, WPA2 ,0.000000,0.000000,0.000,0.000,AP
2025-08-02 23:25:32,1900-01-00 00:00:00,Fire Hotline,F0:2F:A7:C5:DF:0C,-85, WPA2 ,0.000000,0.000000,0.000,0.000,AP
2025-08-02 23:25:32,1900-01-00 00:00:00,Fire Hotline,F0:2F:A7:C5:DF:0C,-85, WPA2 ,0.000000,0.000000,0.000,0.000,AP
2025-08-02 23:25:32,1900-01-00 00:00:00,Fire Hotline,F0:2F:A7:C5:DF:0C,-85, WPA2 ,0.000000,0.000000,0.000,0.000,AP
2025-08-02 23:25:32,1900-01-00 00:00:00,Fire Hotline,F0:2F:A7:C5:DF:0C,-85, WPA2 ,0.000000,0.000000,0.000,0.000,AP
2025-08-02 23:25:33,1900-01-00 00:00:00,Fire Hotline,F0:2F:A7:C5:DF:0C,-85, WPA2 ,0.000000,0.000000,0.000,0.000,AP
2025-08-02 23:25:33,1900-01-00 00:00:00,Fire Hotline,F0:2F:A7:C5:DF:0C,-85, WPA2 ,0.000000,0.000000,0.000,0.000,AP
2025-08-02 23:25:33,1900-01-00 00:00:00,Fire Hotline,F0:2F:A7:C5:DF:0C,-85, WPA2 ,0.000000,0.000000,0.000,0.000,AP
2025-08-02 23:25:33,1900-01-00 00:00:00,Fire Hotline,F0:2F:A7:C5:DF:0C,-84, WPA2 ,0.000000,0.000000,0.000,0.000,AP
2025-08-02 23:25:33,1900-01-00 00:00:00,Fire Hotline,F0:2F:A7:C5:DF:0C,-85, WPA2 ,0.000000,0.000000,0.000,0.000,AP
2025-08-02 23:25:33,1900-01-00 00:00:00,Fire Hotline,F0:2F:A7:C5:DF:0C,-84, WPA2 ,0.000000,0.000000,0.000,0.000,AP
2025-08-02 23:25:33,1900-01-00 00:00:00,Fire Hotline,F0:2F:A7:C5:DF:0C,-86, WPA2 ,0.000000,0.000000,0.000,0.000,AP
2025-08-02 23:25:33,1900-01-00 00:00:00,Fire Hotline,F0:2F:A7:C5:DF:0C,-87, WPA2 ,0.000000,0.000000,0.000,0.000,AP
2025-08-02 23:25:33,1900-01-00 00:00:00,Fire Hotline,F0:2F:A7:C5:DF:0C,-86, WPA2 ,0.000000,0.000000,0.000,0.000,AP
2025-08-02 23:25:33,1900-01-00 00:00:00,Fire Hotline,F0:2F:A7:C5:DF:0C,-86, WPA2 ,0.000000,0.000000,0.000,0.000,AP
2025-08-02 23:25:34,1900-01-00 00:00:00,Fire Hotline,F0:2F:A7:C5:DF:0C,-87, WPA2 ,0.000000,0.000000,0.000,0.000,AP
2025-08-02 23:25:34,1900-01-00 00:00:00,Fire Hotline,F0:2F:A7:C5:DF:0C,-86, WPA2 ,0.000000,0.000000,0.000,0.000,AP
2025-08-02 23:25:34,1900-01-00 00:00:00,Fire Hotline,F0:2F:A7:C5:DF:0C,-86, WPA2 ,0.000000,0.000000,0.000,0.000,AP
2025-08-02 23:25:34,1900-01-00 00:00:00,Fire Hotline,F0:2F:A7:C5:DF:0C,-86, WPA2 ,0.000000,0.000000,0.000,0.000,AP
2025-08-02 23:25:34,1900-01-00 00:00:00,Fire Hotline,F0:2F:A7:C5:DF:0C,-85, WPA2 ,0.000000,0.000000,0.000,0.000,AP
2025-08-02 23:25:34,1900-01-00 00:00:00,Fire Hotline,F0:2F:A7:C5:DF:0C,-87, WPA2 ,0.000000,0.000000,0.000,0.000,AP
2025-08-02 23:25:34,1900-01-00 00:00:00,Fire Hotline,F0:2F:A7:C5:DF:0C,-86, WPA2 ,0.000000,0.000000,0.000,0.000,AP
2025-08-02 23:25:34,1900-01-00 00:00:00,Fire Hotline,F0:2F:A7:C5:DF:0C,-86, WPA2 ,0.000000,0.000000,0.000,0.000,AP
2025-08-02 23:25:34,1900-01-00 00:00:00,Fire Hotline,F0:2F:A7:C5:DF:0C,-86, WPA2 ,0.000000,0.000000,0.000,0.000,AP
2025-08-02 23:25:34,1900-01-00 00:00:00,Fire Hotline,F0:2F:A7:C5:DF:0C,-87, WPA2 ,0.000000,0.000000,0.000,0.000,AP
2025-08-02 23:25:35,1900-01-00 00:00:00,Fire Hotline,F0:2F:A7:C5:DF:0C,-86, WPA2 ,0.000000,0.000000,0.000,0.000,AP
2025-08-02 23:25:35,1900-01-00 00:00:00,Fire Hotline,F0:2F:A7:C5:DF:0C,-86, WPA2 ,0.000000,0.000000,0.000,0.000,AP
2025-08-02 23:25:35,1900-01-00 00:00:00,Fire Hotline,F0:2F:A7:C5:DF:0C,-85, WPA2 ,0.000000,0.000000,0.000,0.000,AP
2025-08-02 23:25:35,1900-01-00 00:00:00,Fire Hotline,F0:2F:A7:C5:DF:0C,-85, WPA2 ,0.000000,0.000000,0.000,0.000,AP
2025-08-02 23:25:35,1900-01-00 00:00:00,Fire Hotline,F0:2F:A7:C5:DF:0C,-86, WPA2 ,0.000000,0.000000,0.000,0.000,AP
2025-08-02 23:25:35,1900-01-00 00:00:00,Fire Hotline,F0:2F:A7:C5:DF:0C,-85, WPA2 ,0.000000,0.000000,0.000,0.000,AP
2025-08-02 23:25:35,1900-01-00 00:00:00,Fire Hotline,F0:2F:A7:C5:DF:0C,-84, WPA2 ,0.000000,0.000000,0.000,0.000,AP
2025-08-02 23:25:35,1900-01-00 00:00:00,Fire Hotline,F0:2F:A7:C5:DF:0C,-86, WPA2 ,0.000000,0.000000,0.000,0.000,AP
2025-08-02 23:25:35,1900-01-00 00:00:00,Fire Hotline,F0:2F:A7:C5:DF:0C,-86, WPA2 ,0.000000,0.000000,0.000,0.000,AP
2025-08-02 23:25:35,1900-01-00 00:00:00,Fire Hotline,F0:2F:A7:C5:DF:0C,-86, WPA2 ,0.000000,0.000000,0.000,0.000,AP
2025-08-02 23:25:36,1900-01-00 00:00:00,Fire Hotline,F0:2F:A7:C5:DF:0C,-85, WPA2 ,0.000000,0.000000,0.000,0.000,AP
2025-08-02 23:25:36,1900-01-00 00:00:00,Fire Hotline,F0:2F:A7:C5:DF:0C,-84, WPA2 ,0.000000,0.000000,0.000,0.000,AP
2025-08-02 23:25:36,1900-01-00 00:00:00,Fire Hotline,F0:2F:A7:C5:DF:0C,-82, WPA2 ,0.000000,0.000000,0.000,0.000,AP
2025-08-02 23:25:36,1900-01-00 00:00:00,Fire Hotline,F0:2F:A7:C5:DF:0C,-85, WPA2 ,0.000000,0.000000,0.000,0.000,AP
2025-08-02 23:25:36,1900-01-00 00:00:00,Fire Hotline,F0:2F:A7:C5:DF:0C,-85, WPA2 ,0.000000,0.000000,0.000,0.000,AP
2025-08-02 23:25:36,1900-01-00 00:00:00,Fire Hotline,F0:2F:A7:C5:DF:0C,-86, WPA2 ,0.000000,0.000000,0.000,0.000,AP
2025-08-02 23:25:36,1900-01-00 00:00:00,Fire Hotline,F0:2F:A7:C5:DF:0C,-86, WPA2 ,0.000000,0.000000,0.000,0.000,AP
2025-08-02 23:25:36,1900-01-00 00:00:00,Fire Hotline,F0:2F:A7:C5:DF:0C,-85, WPA2 ,0.000000,0.000000,0.000,0.000,AP
2025-08-02 23:25:36,1900-01-00 00:00:00,Fire Hotline,F0:2F:A7:C5:DF:0C,-84, WPA2 ,0.000000,0.000000,0.000,0.000,AP
2025-08-02 23:25:36,1900-01-00 00:00:00,Fire Hotline,F0:2F:A7:C5:DF:0C,-86, WPA2 ,0.000000,0.000000,0.000,0.000,AP
2025-08-02 23:25:36,1900-01-00 00:00:00,Fire Hotline,F0:2F:A7:C5:DF:0C,-86, WPA2 ,0.000000,0.000000,0.000,0.000,AP
2025-08-02 23:25:36,1900-01-00 00:00:00,Fire Hotline,F0:2F:A7:C5:DF:0C,-86, WPA2 ,0.000000,0.000000,0.000,0.000,AP
2025-08-02 23:25:36,1900-01-00 00:00:00,Fire Hotline,F0:2F:A7:C5:DF:0C,-85, WPA2 ,0.000000,0.000000,0.000,0.000,AP
2025-08-02 23:25:36,1900-01-00 00:00:00,Fire Hotline,F0:2F:A7:C5:DF:0C,-85, WPA2 ,0.000000,0.000000,0.000,0.000,AP
2025-08-02 23:25:36,1900-01-00 00:00:00,Fire Hotline,F0:2F:A7:C5:DF:0C,-85, WPA2 ,0.000000,0.000000,0.000,0.000,AP
2025-08-02 23:25:37,1900-01-00 00:00:00,Fire Hotline,F0:2F:A7:C5:DF:0C,-86, WPA2 ,0.000000,0.000000,0.000,0.000,AP
2025-08-02 23:25:37,1900-01-00 00:00:00,Fire Hotline,F0:2F:A7:C5:DF:0C,-86, WPA2 ,0.000000,0.000000,0.000,0.000,AP
2025-08-02 23:25:37,1900-01-00 00:00:00,Fire Hotline,F0:2F:A7:C5:DF:0C,-86, WPA2 ,0.000000,0.000000,0.000,0.000,AP
2025-08-02 23:25:37,1900-01-00 00:00:00,Fire Hotline,F0:2F:A7:C5:DF:0C,-84, WPA2 ,0.000000,0.000000,0.000,0.000,AP
2025-08-02 23:25:37,1900-01-00 00:00:00,Fire Hotline,F0:2F:A7:C5:DF:0C,-85, WPA2 ,0.000000,0.000000,0.000,0.000,AP
2025-08-02 23:25:37,1900-01-00 00:00:00,Fire Hotline,F0:2F:A7:C5:DF:0C,-85, WPA2 ,0.000000,0.000000,0.000,0.000,AP
2025-08-02 23:25:37,1900-01-00 00:00:00,Fire Hotline,F0:2F:A7:C5:DF:0C,-87, WPA2 ,0.000000,0.000000,0.000,0.000,AP
2025-08-02 23:25:37,1900-01-00 00:00:00,Fire Hotline,F0:2F:A7:C5:DF:0C,-86, WPA2 ,0.000000,0.000000,0.000,0.000,AP
2025-08-02 23:25:37,1900-01-00 00:00:00,Fire Hotline,F0:2F:A7:C5:DF:0C,-85, WPA2 ,0.000000,0.000000,0.000,0.000,AP
2025-08-02 23:25:37,1900-01-00 00:00:00,Fire Hotline,F0:2F:A7:C5:DF:0C,-86, WPA2 ,0.000000,0.000000,0.000,0.000,AP
2025-08-02 23:25:37,1900-01-00 00:00:00,Fire Hotline,F0:2F:A7:C5:DF:0C,-86, WPA2 ,0.000000,0.000000,0.000,0.000,AP
2025-08-02 23:25:37,1900-01-00 00:00:00,Fire Hotline,F0:2F:A7:C5:DF:0C,-85, WPA2 ,0.000000,0.000000,0.000,0.000,AP
2025-08-02 23:25:38,1900-01-00 00:00:00,Fire Hotline,F0:2F:A7:C5:DF:0C,-85, WPA2 ,0.000000,0.000000,0.000,0.000,AP
2025-08-02 23:25:38,1900-01-00 00:00:00,Fire Hotline,F0:2F:A7:C5:DF:0C,-84, WPA2 ,0.000000,0.000000,0.000,0.000,AP
2025-08-02 23:25:38,1900-01-00 00:00:00,Fire Hotline,F0:2F:A7:C5:DF:0C,-85, WPA2 ,0.000000,0.000000,0.000,0.000,AP
2025-08-02 23:25:38,1900-01-00 00:00:00,Fire Hotline,F0:2F:A7:C5:DF:0C,-84, WPA2 ,0.000000,0.000000,0.000,0.000,AP
2025-08-02 23:25:38,1900-01-00 00:00:00,Fire Hotline,F0:2F:A7:C5:DF:0C,-84, WPA2 ,0.000000,0.000000,0.000,0.000,AP
2025-08-02 23:25:38,1900-01-00 00:00:00,Fire Hotline,F0:2F:A7:C5:DF:0C,-85, WPA2 ,0.000000,0.000000,0.000,0.000,AP
2025-08-02 23:25:38,1900-01-00 00:00:00,Fire Hotline,F0:2F:A7:C5:DF:0C,-85, WPA2 ,0.000000,0.000000,0.000,0.000,AP
2025-08-02 23:25:38,1900-01-00 00:00:00,Fire Hotline,F0:2F:A7:C5:DF:0C,-85, WPA2 ,0.000000,0.000000,0.000,0.000,AP
2025-08-02 23:25:38,1900-01-00 00:00:00,Fire Hotline,F0:2F:A7:C5:DF:0C,-86, WPA2 ,0.000000,0.000000,0.000,0.000,AP
2025-08-02 23:25:38,1900-01-00 00:00:00,Fire Hotline,F0:2F:A7:C5:DF:0C,-85, WPA2 ,0.000000,0.000000,0.000,0.000,AP
2025-08-02 23:25:39,1900-01-00 00:00:00,Fire Hotline,F0:2F:A7:C5:DF:0C,-85, WPA2 ,0.000000,0.000000,0.000,0.000,AP
2025-08-02 23:25:39,1900-01-00 00:00:00,Fire Hotline,F0:2F:A7:C5:DF:0C,-85, WPA2 ,0.000000,0.000000,0.000,0.000,AP
2025-08-02 23:25:39,1900-01-00 00:00:00,Fire Hotline,F0:2F:A7:C5:DF:0C,-85, WPA2 ,0.000000,0.000000,0.000,0.000,AP
2025-08-02 23:25:39,1900-01-00 00:00:00,Fire Hotline,F0:2F:A7:C5:DF:0C,-86, WPA2 ,0.000000,0.000000,0.000,0.000,AP
2025-08-02 23:25:39,1900-01-00 00:00:00,Fire Hotline,F0:2F:A7:C5:DF:0C,-85, WPA2 ,0.000000,0.000000,0.000,0.000,AP
2025-08-02 23:25:39,1900-01-00 00:00:00,Fire Hotline,F0:2F:A7:C5:DF:0C,-85, WPA2 ,0.000000,0.000000,0.000,0.000,AP
2025-08-02 23:25:39,1900-01-00 00:00:00,Fire Hotline,F0:2F:A7:C5:DF:0C,-84, WPA2 ,0.000000,0.000000,0.000,0.000,AP
2025-08-02 23:25:39,1900-01-00 00:00:00,Fire Hotline,F0:2F:A7:C5:DF:0C,-86, WPA2 ,0.000000,0.000000,0.000,0.000,AP
2025-08-02 23:25:39,1900-01-00 00:00:00,Fire Hotline,F0:2F:A7:C5:DF:0C,-85, WPA2 ,0.000000,0.000000,0.000,0.000,AP
2025-08-02 23:25:39,1900-01-00 00:00:00,Fire Hotline,F0:2F:A7:C5:DF:0C,-85, WPA2 ,0.000000,0.000000,0.000,0.000,AP
2025-08-02 23:25:40,1900-01-00 00:00:00,Fire Hotline,F0:2F:A7:C5:DF:0C,-85, WPA2 ,0.000000,0.000000,0.000,0.000,AP
2025-08-02 23:25:40,1900-01-00 00:00:00,Fire Hotline,F0:2F:A7:C5:DF:0C,-82, WPA2 ,0.000000,0.000000,0.000,0.000,AP
2025-08-02 23:25:40,1900-01-00 00:00:00,Fire Hotline,F0:2F:A7:C5:DF:0C,-84, WPA2 ,0.000000,0.000000,0.000,0.000,AP
2025-08-02 23:25:40,1900-01-00 00:00:00,Fire Hotline,F0:2F:A7:C5:DF:0C,-84, WPA2 ,0.000000,0.000000,0.000,0.000,AP
2025-08-02 23:25:40,1900-01-00 00:00:00,Fire Hotline,F0:2F:A7:C5:DF:0C,-84, WPA2 ,0.000000,0.000000,0.000,0.000,AP
2025-08-02 23:25:40,1900-01-00 00:00:00,Fire Hotline,F0:2F:A7:C5:DF:0C,-84, WPA2 ,0.000000,0.000000,0.000,0.000,AP
2025-08-02 23:25:40,1900-01-00 00:00:00,Fire Hotline,F0:2F:A7:C5:DF:0C,-85, WPA2 ,0.000000,0.000000,0.000,0.000,AP
2025-08-02 23:25:40,1900-01-00 00:00:00,Fire Hotline,F0:2F:A7:C5:DF:0C,-84, WPA2 ,0.000000,0.000000,0.000,0.000,AP
2025-08-02 23:25:40,1900-01-00 00:00:00,Fire Hotline,F0:2F:A7:C5:DF:0C,-83, WPA2 ,0.000000,0.000000,0.000,0.000,AP
2025-08-02 23:25:41,1900-01-00 00:00:00,Fire Hotline,F0:2F:A7:C5:DF:0C,-84, WPA2 ,0.000000,0.000000,0.000,0.000,AP
2025-08-02 23:25:41,1900-01-00 00:00:00,Fire Hotline,F0:2F:A7:C5:DF:0C,-85, WPA2 ,0.000000,0.000000,0.000,0.000,AP
2025-08-02 23:25:41,1900-01-00 00:00:00,Fire Hotline,F0:2F:A7:C5:DF:0C,-85, WPA2 ,0.000000,0.000000,0.000,0.000,AP
2025-08-02 23:25:41,1900-01-00 00:00:00,Fire Hotline,F0:2F:A7:C5:DF:0C,-86, WPA2 ,0.000000,0.000000,0.000,0.000,AP
2025-08-02 23:25:41,1900-01-00 00:00:00,Fire Hotline,F0:2F:A7:C5:DF:0C,-85, WPA2 ,0.000000,0.000000,0.000,0.000,AP
2025-08-02 23:25:41,1900-01-00 00:00:00,Fire Hotline,F0:2F:A7:C5:DF:0C,-85, WPA2 ,0.000000,0.000000,0.000,0.000,AP
2025-08-02 23:25:41,1900-01-00 00:00:00,Fire Hotline,F0:2F:A7:C5:DF:0C,-85, WPA2 ,0.000000,0.000000,0.000,0.000,AP
2025-08-02 23:25:43,1900-01-00 00:00:00,Fire Hotline,F0:2F:A7:C5:DF:0C,-87, WPA2 ,0.000000,0.000000,0.000,0.000,AP
2025-08-02 23:25:43,1900-01-00 00:00:00,Fire Hotline,F0:2F:A7:C5:DF:0C,-86, WPA2 ,0.000000,0.000000,0.000,0.000,AP
2025-08-02 23:25:43,1900-01-00 00:00:00,Fire Hotline,F0:2F:A7:C5:DF:0C,-86, WPA2 ,0.000000,0.000000,0.000,0.000,AP
2025-08-02 23:26:43,1900-01-00 00:00:00,Fire Hotline,F0:2F:A7:C5:DF:0C,-85, WPA2 ,0.000000,0.000000,0.000,0.000,AP
2025-08-02 23:26:43,1900-01-00 00:00:00,Fire Hotline,F0:2F:A7:C5:DF:0C,-85, WPA2 ,0.000000,0.000000,0.000,0.000,AP
2025-08-02 23:26:43,1900-01-00 00:00:00,Fire Hotline,F0:2F:A7:C5:DF:0C,-84, WPA2 ,0.000000,0.000000,0.000,0.000,AP
2025-08-02 23:26:44,1900-01-00 00:00:00,Fire Hotline,F0:2F:A7:C5:DF:0C,-85, WPA2 ,0.000000,0.000000,0.000,0.000,AP
2025-08-02 23:26:46,1900-01-00 00:00:00,Fire Hotline,F0:2F:A7:C5:DF:0C,-86, WPA2 ,0.000000,0.000000,0.000,0.000,AP
2025-08-02 23:26:46,1900-01-00 00:00:00,Fire Hotline,F0:2F:A7:C5:DF:0C,-86, WPA2 ,0.000000,0.000000,0.000,0.000,AP
2025-08-02 23:26:47,1900-01-00 00:00:00,Fire Hotline,F0:2F:A7:C5:DF:0C,-85, WPA2 ,0.000000,0.000000,0.000,0.000,AP
2025-08-02 23:26:47,1900-01-00 00:00:00,Fire Hotline,F0:2F:A7:C5:DF:0C,-84, WPA2 ,0.000000,0.000000,0.000,0.000,AP
2025-08-02 23:26:50,1900-01-00 00:00:00,Fire Hotline,F0:2F:A7:C5:DF:0C,-87, WPA2 ,0.000000,0.000000,0.000,0.000,AP
2025-08-02 23:26:50,1900-01-00 00:00:00,Fire Hotline,F0:2F:A7:C5:DF:0C,-84, WPA2 ,0.000000,0.000000,0.000,0.000,AP
2025-08-02 23:26:50,1900-01-00 00:00:00,Fire Hotline,F0:2F:A7:C5:DF:0C,-86, WPA2 ,0.000000,0.000000,0.000,0.000,AP
2025-08-02 23:26:51,1900-01-00 00:00:00,Fire Hotline,F0:2F:A7:C5:DF:0C,-86, WPA2 ,0.000000,0.000000,0.000,0.000,AP
